product_id,user_id,product_title,registration_date
ff9a6648-0b4f-443b-aae2-dd544c57c984,afe78ffc-4843-47e3-979f-42a5d45dcca2,영등포 맛집 한우사골국밥 ,2022-09-16
1c52535c-2e68-4905-b97e-da3ca12b3ba2,afe78ffc-4843-47e3-979f-42a5d45dcca2,오징어 진미채 500g,2022-07-04
649305fe-ff69-4e13-bc06-09a57098162a,afe78ffc-4843-47e3-979f-42a5d45dcca2,케이엔씨푸드 바베큐 폭립 1kg,2022-06-27
a1204af4-e75d-4a01-b00d-85cd19f6848b,afe78ffc-4843-47e3-979f-42a5d45dcca2,원조호수삼계탕,2022-06-20
90b4429a-3890-4840-aadd-9982cbd541dc,afe78ffc-4843-47e3-979f-42a5d45dcca2,서울시 맛집 3일한우국밥,2022-08-01
8bbc3724-f6e7-4a3b-8821-e41aa09d65f5,afe78ffc-4843-47e3-979f-42a5d45dcca2,서울시 맛집 3일한우국밥,2022-07-01
7a13e218-a635-4793-be6a-4aa73da09d82,afe78ffc-4843-47e3-979f-42a5d45dcca2,일미집 감자탕,2022-08-26
e7ef52af-b283-4f52-9c90-bb6ba384238c,afe78ffc-4843-47e3-979f-42a5d45dcca2,일미집 감자탕,2022-07-16
cc970286-f31e-42ac-8661-33d8c19c7185,afe78ffc-4843-47e3-979f-42a5d45dcca2,골목집 오감탕,2022-09-19
e612817a-74fe-4d33-97fa-1f587845cee2,afe78ffc-4843-47e3-979f-42a5d45dcca2,골목집 오감탕,2022-07-25
e13ad7e5-87c0-462e-ac9e-1a53f4b65ecf,afe78ffc-4843-47e3-979f-42a5d45dcca2,원조호수삼계탕,2022-08-08
80aac25d-8502-4417-9015-57e97e9e01e5,afe78ffc-4843-47e3-979f-42a5d45dcca2,원조호수삼계탕,2022-07-11
b77b6351-0e69-468a-ac0b-e9f6f9156b07,afe78ffc-4843-47e3-979f-42a5d45dcca2,케이엔씨푸드 바베큐 폭립 1kg,2022-06-07
d4b00341-a777-4e79-9527-0ef2d8dea1dc,2cca8b6e-0dc3-4398-8fa5-d57b9eb4b1e0,100% 진한 콩국물 2병,2022-11-21
524a4287-f650-48cd-8179-76d71be5ad08,2cca8b6e-0dc3-4398-8fa5-d57b9eb4b1e0,19브릭스 샤인머스켓 2kg,2022-11-24
10a0f60a-4332-4639-a362-e849060d8505,2cca8b6e-0dc3-4398-8fa5-d57b9eb4b1e0,6 + 1 무색소 뚱카룽,2022-11-24
30c556ff-8aa4-4815-b247-bd3bb044b078,2cca8b6e-0dc3-4398-8fa5-d57b9eb4b1e0,가성비 밥도둑 LA갈비,2022-11-22
320571ce-7b0c-457f-9492-a445c1af7b2d,2cca8b6e-0dc3-4398-8fa5-d57b9eb4b1e0,가성비 밥도둑 LA갈비,2022-11-12
c4f41aee-416b-4baa-bad4-8bc855fc3044,2cca8b6e-0dc3-4398-8fa5-d57b9eb4b1e0,가성비 브리또세트,2022-11-29
07b525ae-7120-4b43-b377-9748f9919c25,2cca8b6e-0dc3-4398-8fa5-d57b9eb4b1e0,가성비 브리또세트,2022-11-14
dfa52236-78cd-491c-89c5-f3274416d7a2,2cca8b6e-0dc3-4398-8fa5-d57b9eb4b1e0,가성비 전주 수제떡갈비 ,2022-11-16
041ddd03-4b2a-49d2-b89f-018c17efdb20,2cca8b6e-0dc3-4398-8fa5-d57b9eb4b1e0,가성비 전주 수제떡갈비 ,2022-10-24
0c9ae89d-be78-4dd2-9b9e-434c31e123ec,2cca8b6e-0dc3-4398-8fa5-d57b9eb4b1e0,강릉 찐맛집 꼬막무침,2022-11-16
388f8d49-ba5d-4aa6-a7a7-d95b226bf93c,2cca8b6e-0dc3-4398-8fa5-d57b9eb4b1e0,강릉 찐맛집 꼬막무침,2022-11-07
54cdb586-1ce0-4c55-9df2-cd609c2da735,2cca8b6e-0dc3-4398-8fa5-d57b9eb4b1e0,강릉 찐맛집 꼬막무침,2022-11-05
ddd98e15-927d-45af-8ef0-1d27ca137f97,2cca8b6e-0dc3-4398-8fa5-d57b9eb4b1e0,강릉 찐맛집 꼬막무침,2022-10-24
ad5e197e-ee74-4920-b13d-ee5172c756bf,2cca8b6e-0dc3-4398-8fa5-d57b9eb4b1e0,강화도 특산물 새우젓 2kg,2022-11-16
63473999-9a73-4bf7-b2ef-31935a007571,2cca8b6e-0dc3-4398-8fa5-d57b9eb4b1e0,강화도 특산물 새우젓 2kg,2022-11-08
b159b244-d762-41fb-87e1-cdc6f6919e29,2cca8b6e-0dc3-4398-8fa5-d57b9eb4b1e0,검증 쌀국수 2인분 밀키트,2022-11-14
d93c3a40-379b-4166-9754-3cf1606e2c45,2cca8b6e-0dc3-4398-8fa5-d57b9eb4b1e0,매진 신화 소팔소곱창,2022-10-26
7f318145-dae3-448c-9f2b-0e99ccb7bd37,2cca8b6e-0dc3-4398-8fa5-d57b9eb4b1e0,구룡포 과메기 맛있는 야채세트,2022-11-16
7344b596-453b-4ee5-a135-588d2e9fd932,2cca8b6e-0dc3-4398-8fa5-d57b9eb4b1e0,구룡포 과메기 맛있는 야채세트,2022-11-16
d7c061dd-ff3f-425b-b68e-b0c62d243cc4,2cca8b6e-0dc3-4398-8fa5-d57b9eb4b1e0,구룡포 과메기 맛있는 야채세트,2022-11-10
7d94229a-e720-42f6-9764-129fca57b004,2cca8b6e-0dc3-4398-8fa5-d57b9eb4b1e0,국내산 실속 육회 250g,2022-11-20
3536d044-d5e3-4d73-a001-893f7de89399,2cca8b6e-0dc3-4398-8fa5-d57b9eb4b1e0,국내산 실속 육회 250g,2022-11-05
63b6b213-0d43-458c-a100-b47f1f6c127b,2cca8b6e-0dc3-4398-8fa5-d57b9eb4b1e0,국내산 실속 육회 250g,2022-10-26
6d2b79bf-c1ff-428b-8685-250f7fb6e797,2cca8b6e-0dc3-4398-8fa5-d57b9eb4b1e0,국산 22년 햇고춧가루 1kg,2022-11-07
843aec9b-d985-47ed-ba70-5e3f422bd874,2cca8b6e-0dc3-4398-8fa5-d57b9eb4b1e0,탱글탱글 오징어볶음,2022-11-12
7c2deec0-958f-49f4-872c-be846aff33f1,2cca8b6e-0dc3-4398-8fa5-d57b9eb4b1e0,기사식당 고추장불백,2022-11-22
f96db450-578d-4b4e-89fd-5c1ba05717e7,2cca8b6e-0dc3-4398-8fa5-d57b9eb4b1e0,기사식당 고추장불백,2022-11-10
984462a0-fcd9-4f33-a004-bfa075166ce7,2cca8b6e-0dc3-4398-8fa5-d57b9eb4b1e0,오늘의 과일,2022-11-25
476ce33a-0e4d-4421-8160-65418bc72add,2cca8b6e-0dc3-4398-8fa5-d57b9eb4b1e0,오늘의 과일,2022-11-21
67345dc7-a841-4b78-935a-b28391566ee6,2cca8b6e-0dc3-4398-8fa5-d57b9eb4b1e0,오늘의 과일,2022-11-18
d1920ad4-2c8c-4888-950a-77e4878c3dc7,2cca8b6e-0dc3-4398-8fa5-d57b9eb4b1e0,오늘의 과일,2022-11-16
13302473-e30b-4c68-998a-66334160d79e,2cca8b6e-0dc3-4398-8fa5-d57b9eb4b1e0,오늘의 과일,2022-11-15
2b54e2a8-b5d7-495a-99a4-f5d9f60026f5,2cca8b6e-0dc3-4398-8fa5-d57b9eb4b1e0,왕카스테라,2022-11-17
05c3c46e-3930-4063-9323-3217317178e5,2cca8b6e-0dc3-4398-8fa5-d57b9eb4b1e0,명품 엔비사과,2022-10-24
c58750e6-40d2-4b0b-81d9-98e07a22d6e8,2cca8b6e-0dc3-4398-8fa5-d57b9eb4b1e0,"달콤 로즈, 키위티 바나나",2022-11-18
c029602b-4682-49dd-88be-aedb59753624,2cca8b6e-0dc3-4398-8fa5-d57b9eb4b1e0,달콤 몽키 로즈바나나,2022-11-17
82ef5e0e-3190-42b5-b6b5-79fa6e55cf68,2cca8b6e-0dc3-4398-8fa5-d57b9eb4b1e0,햇 칼집약단밤,2022-11-21
9ee62bbc-5056-4f01-8826-d9b18cf3edb1,2cca8b6e-0dc3-4398-8fa5-d57b9eb4b1e0,햇 칼집약단밤,2022-11-08
0fbc9185-8139-4641-896a-7203073cabc9,2cca8b6e-0dc3-4398-8fa5-d57b9eb4b1e0,햇 칼집약단밤,2022-10-26
196461fe-c413-4703-8980-bdeaf15be4a5,2cca8b6e-0dc3-4398-8fa5-d57b9eb4b1e0,대구 1968 원조회무침,2022-11-22
f0d691dd-1d46-4137-8e16-8b260fa523cb,2cca8b6e-0dc3-4398-8fa5-d57b9eb4b1e0,대구 1968 원조회무침,2022-11-16
8c01c98a-650d-4f2f-ab79-0312821ceeb8,2cca8b6e-0dc3-4398-8fa5-d57b9eb4b1e0,대구 1968 원조회무침,2022-11-08
852138a4-3c77-4bab-9c1b-2905239b3756,2cca8b6e-0dc3-4398-8fa5-d57b9eb4b1e0,대구 1968 원조회무침,2022-11-05
206819c1-6de1-4d75-bf40-da3b962691c4,2cca8b6e-0dc3-4398-8fa5-d57b9eb4b1e0,특판 부라타치즈,2022-11-24
cbc41d38-8b34-421c-b2c9-6b13d2a706ab,2cca8b6e-0dc3-4398-8fa5-d57b9eb4b1e0,대한민국 1등 수제김,2022-11-22
7f8de1f5-4c7f-44b8-a3b8-ae72956e0878,2cca8b6e-0dc3-4398-8fa5-d57b9eb4b1e0,이북식 인절미,2022-11-21
849eb8d9-a966-4ed2-91b3-14c3b2d0043f,2cca8b6e-0dc3-4398-8fa5-d57b9eb4b1e0,이북식 인절미,2022-11-09
c5de21c1-e9c8-4e42-87b9-a35414ccd924,2cca8b6e-0dc3-4398-8fa5-d57b9eb4b1e0,유정란,2022-11-22
62c2fb6d-3df4-423a-bec6-0d789720aa6e,2cca8b6e-0dc3-4398-8fa5-d57b9eb4b1e0,동해 대표먹거리 커피기정,2022-11-05
82defb27-322c-44db-b213-634c16165308,2cca8b6e-0dc3-4398-8fa5-d57b9eb4b1e0,동해 대표먹거리 한판기정,2022-11-05
80c4ecee-4591-4a42-a3a8-1876cae89605,2cca8b6e-0dc3-4398-8fa5-d57b9eb4b1e0,강화도 정통김밥 2줄,2022-11-21
e2aca50c-a4bc-45a5-a689-c37107345047,2cca8b6e-0dc3-4398-8fa5-d57b9eb4b1e0,얼큰 오징어찌개,2022-11-24
05971c6f-df43-4361-8f2d-e36e73484bf1,2cca8b6e-0dc3-4398-8fa5-d57b9eb4b1e0,얼큰 오징어찌개,2022-11-20
0db93385-8ef5-4009-84b2-e21aee4960aa,2cca8b6e-0dc3-4398-8fa5-d57b9eb4b1e0,얼큰 오징어찌개,2022-11-16
a09a2df8-3fc1-475a-b061-9a622f1bf7d3,2cca8b6e-0dc3-4398-8fa5-d57b9eb4b1e0,얼큰 오징어찌개,2022-11-08
9017862e-8bdc-4b0b-86df-3aa4c07f4aeb,2cca8b6e-0dc3-4398-8fa5-d57b9eb4b1e0,원조맛집 홍어무침,2022-11-23
42d15b64-b5f1-4309-8231-328fe11f414a,2cca8b6e-0dc3-4398-8fa5-d57b9eb4b1e0,소곱창전골,2022-11-17
522e8456-7425-41bc-9b29-2e81ac3616d0,2cca8b6e-0dc3-4398-8fa5-d57b9eb4b1e0,매콤 원조 해운대떡볶이,2022-11-20
76e25e99-6163-4410-9ff5-ff63ef9b3246,2cca8b6e-0dc3-4398-8fa5-d57b9eb4b1e0,명품브레드 샤넬식빵,2022-11-14
f4e5cf9a-a159-43d9-8027-6916614564a0,2cca8b6e-0dc3-4398-8fa5-d57b9eb4b1e0,명품브레드 샤넬식빵,2022-11-07
99f725b4-7d7b-4815-8ba3-e7b0564af24e,2cca8b6e-0dc3-4398-8fa5-d57b9eb4b1e0,쫄깃꼬들살 400g,2022-11-24
58582f72-3407-4b91-9276-4e29ccacc5f2,2cca8b6e-0dc3-4398-8fa5-d57b9eb4b1e0,밀레니엄 원조 안동찜닭,2022-11-16
8bf29189-4a3d-494f-8498-e52dda1cd4a3,2cca8b6e-0dc3-4398-8fa5-d57b9eb4b1e0,밀키트 맛집 5종,2022-11-07
29865e6b-d911-46df-a6b7-5c621085cc65,2cca8b6e-0dc3-4398-8fa5-d57b9eb4b1e0,밀키트 맛집 6종,2022-11-14
1f5be0c5-1cc9-4d82-aa3a-09f03a596722,2cca8b6e-0dc3-4398-8fa5-d57b9eb4b1e0,밀키트 맛집 7종,2022-11-21
9f3a587f-88b0-478d-a118-e034f5e1f088,2cca8b6e-0dc3-4398-8fa5-d57b9eb4b1e0,대표맛집 숯불무뼈닭발,2022-11-16
7ede0cf2-5c30-4c5b-810d-b2556714922b,2cca8b6e-0dc3-4398-8fa5-d57b9eb4b1e0,대표맛집 숯불무뼈닭발,2022-11-09
cdac398f-2f81-45fc-95ed-192f1f2a8479,2cca8b6e-0dc3-4398-8fa5-d57b9eb4b1e0,"사자발약쑥 모찌, 인절미",2022-11-14
37aaadf4-8f94-4ad9-91a6-de7d04cbb343,2cca8b6e-0dc3-4398-8fa5-d57b9eb4b1e0,신당동 원조할머니 떡볶이,2022-11-29
240e9ee5-8c66-46bb-a93d-ea1d1c138ab7,2cca8b6e-0dc3-4398-8fa5-d57b9eb4b1e0,신당동 원조할머니 떡볶이,2022-11-16
df8c7edb-5109-4593-a71b-5961839b6c33,2cca8b6e-0dc3-4398-8fa5-d57b9eb4b1e0,신당동 원조할머니 떡볶이,2022-11-10
51414d98-545c-4279-9e07-29334836e43a,2cca8b6e-0dc3-4398-8fa5-d57b9eb4b1e0,압구정 공주 흑임자떡,2022-11-20
84d40d10-8d32-4101-a11e-67b32caa6c0f,2cca8b6e-0dc3-4398-8fa5-d57b9eb4b1e0,오늘의 과일,2022-11-29
b2794748-865b-4a4c-9071-48ec2886a9fa,2cca8b6e-0dc3-4398-8fa5-d57b9eb4b1e0,오늘의 과일,2022-11-18
eb5f2710-5766-4d59-a6fd-b71d69c8b7f8,2cca8b6e-0dc3-4398-8fa5-d57b9eb4b1e0,오늘의 과일,2022-11-12
2e40abcb-d658-4e7c-8463-572c3cecfd66,2cca8b6e-0dc3-4398-8fa5-d57b9eb4b1e0,오늘의 과일,2022-11-11
c7f22cb1-5c46-4a0f-88c9-732127273add,2cca8b6e-0dc3-4398-8fa5-d57b9eb4b1e0,오늘의 과일,2022-11-10
5358ee60-aa82-470a-bd29-4b4502b1733c,2cca8b6e-0dc3-4398-8fa5-d57b9eb4b1e0,오늘의 과일,2022-11-09
0d539834-218a-4f58-8101-a1f49180794d,2cca8b6e-0dc3-4398-8fa5-d57b9eb4b1e0,오늘의 과일,2022-11-08
a46d7382-2276-4312-aaae-a0d8aa39d086,2cca8b6e-0dc3-4398-8fa5-d57b9eb4b1e0,우유2 초코1 바닐라1,2022-11-10
c09184de-d729-4b38-96e3-b20a2c210058,2cca8b6e-0dc3-4398-8fa5-d57b9eb4b1e0,원조 맛집 공항버섯칼국수,2022-11-29
d95c005f-0244-4542-b86e-24eab722789e,2cca8b6e-0dc3-4398-8fa5-d57b9eb4b1e0,원조 맛집 공항버섯칼국수,2022-11-14
79b1667e-69a5-4cd8-bf26-14b8e37f654e,2cca8b6e-0dc3-4398-8fa5-d57b9eb4b1e0,원조 맛집 공항버섯칼국수,2022-11-08
b1615290-481e-417c-94eb-759b1b77d93d,2cca8b6e-0dc3-4398-8fa5-d57b9eb4b1e0,원조 만찐두빵,2022-11-10
fa4c49d1-d05e-44ca-a04e-93dd268ce871,2cca8b6e-0dc3-4398-8fa5-d57b9eb4b1e0,원조 달맵 국물닭발,2022-11-16
a17f0729-8aa7-41c8-947f-019b81790627,2cca8b6e-0dc3-4398-8fa5-d57b9eb4b1e0,원조 달맵 국물닭발,2022-11-10
b64fdc77-2255-4cd9-9e90-0b3f370e18ba,2cca8b6e-0dc3-4398-8fa5-d57b9eb4b1e0,유퀴즈 출연맛집 전설의 낙곱새,2022-11-16
dcd93934-6071-4fb4-b551-cc889c46033f,2cca8b6e-0dc3-4398-8fa5-d57b9eb4b1e0,전주시 3대천왕 메밀소바,2022-11-20
bda69cfa-852d-4b94-9bad-5e078148c2ed,2cca8b6e-0dc3-4398-8fa5-d57b9eb4b1e0,전주시 원도 당근김밥 2줄,2022-11-29
32600678-02bc-4c74-aae8-be3c2a94deb4,2cca8b6e-0dc3-4398-8fa5-d57b9eb4b1e0,전주시 원도 당근김밥 2줄,2022-11-20
10bede47-90cf-4606-95c8-3dfde6418e4e,2cca8b6e-0dc3-4398-8fa5-d57b9eb4b1e0,전주한옥마을 바게트빵,2022-11-29
e02fbd8d-a577-4173-b654-f9a38c0eb6f0,2cca8b6e-0dc3-4398-8fa5-d57b9eb4b1e0,전주한옥마을 바게트빵,2022-11-20
71c01458-5955-418d-b9f4-c3335b0b0c30,2cca8b6e-0dc3-4398-8fa5-d57b9eb4b1e0,제철푸드 홍가리비 2kg,2022-10-24
1262e682-01f5-4d7b-a15d-dc7c61076c82,2cca8b6e-0dc3-4398-8fa5-d57b9eb4b1e0,주왕산가든 한우불고기 ,2022-11-21
2d195b8c-7189-40d2-8f5a-d7be9d2ff235,2cca8b6e-0dc3-4398-8fa5-d57b9eb4b1e0,줄서서 먹는 생큐브식빵,2022-11-21
c0119c36-1436-4430-8f83-827928d8ba41,2cca8b6e-0dc3-4398-8fa5-d57b9eb4b1e0,중매인 특별공급 특등급,2022-11-30
fc7edb81-a41b-48ac-aa0c-89e27619d1d4,2cca8b6e-0dc3-4398-8fa5-d57b9eb4b1e0,중매인 특별공급 특등급,2022-11-24
ef00857f-be3b-4eba-929c-f076e79968ae,2cca8b6e-0dc3-4398-8fa5-d57b9eb4b1e0,중매인 특별공급 특등급,2022-11-23
fd05e4f9-5ce3-429d-be5e-c534e64b4ce7,2cca8b6e-0dc3-4398-8fa5-d57b9eb4b1e0,즉석떡볶이 + 무침만두,2022-11-21
e959d13e-5177-4268-a123-4089ed973a12,2cca8b6e-0dc3-4398-8fa5-d57b9eb4b1e0,착하고 얼큰한 동태알탕 한가득,2022-11-22
341ae645-ce31-4894-9357-45c78f68fd8f,2cca8b6e-0dc3-4398-8fa5-d57b9eb4b1e0,착한 수제비 밀키트,2022-11-22
b89fc6cd-00b6-4a3b-b235-1f3f2de157f9,2cca8b6e-0dc3-4398-8fa5-d57b9eb4b1e0,청주 가성비 맛집 초코케이크,2022-11-07
8c7f6a34-ae56-49aa-92a6-0b2950724415,2cca8b6e-0dc3-4398-8fa5-d57b9eb4b1e0,청주 가성비 맛집 초코케이크,2022-11-05
1fe6ca24-8068-45b0-937f-7c8c6e8f4073,2cca8b6e-0dc3-4398-8fa5-d57b9eb4b1e0,청주 가성비 맛집 초코케이크,2022-10-26
f8fb8884-e5b1-4fda-927b-9fcefdaad51c,2cca8b6e-0dc3-4398-8fa5-d57b9eb4b1e0,청주 가성비 맛집 초코케이크,2022-11-21
3d1a98f1-c67a-4aa1-92d6-79138a495405,2cca8b6e-0dc3-4398-8fa5-d57b9eb4b1e0,추천 게장 밥도둑,2022-11-10
797ea6ed-e2ae-4fa5-97a3-41c361d53f85,2cca8b6e-0dc3-4398-8fa5-d57b9eb4b1e0,춘천 원조 숯불닭갈비,2022-11-16
fa323b34-5566-433f-aa26-50fc84aabb53,2cca8b6e-0dc3-4398-8fa5-d57b9eb4b1e0,춘천 원조 숯불닭갈비,2022-11-16
2e24dbec-f287-425e-ac96-05855a3be761,2cca8b6e-0dc3-4398-8fa5-d57b9eb4b1e0,카스테라 호박인절미,2022-11-14
f200b73b-ea86-4e9e-b028-fb30a3b37616,2cca8b6e-0dc3-4398-8fa5-d57b9eb4b1e0,특등급 과일 묶음 상품,2022-11-17
c0930b7a-6d3b-4b89-a188-6cd269b9cbf1,2cca8b6e-0dc3-4398-8fa5-d57b9eb4b1e0,고래사 기본어묵탕,2022-10-26
ebf7d10c-8add-4dda-b7a5-6a35648b1347,2cca8b6e-0dc3-4398-8fa5-d57b9eb4b1e0,고래사 매콤어묵탕,2022-10-26
4ad37022-bc81-496c-8c72-d3f6db573d0b,2cca8b6e-0dc3-4398-8fa5-d57b9eb4b1e0,특판 한돈목살양념구이,2022-11-17
450796af-6651-4620-814f-4352c89a1a04,2cca8b6e-0dc3-4398-8fa5-d57b9eb4b1e0,푸짐 개성 손 만두전골,2022-11-21
66fd0c5b-35b3-4da3-a48a-f587b59f427e,2cca8b6e-0dc3-4398-8fa5-d57b9eb4b1e0,프리미엄 햄 부대찌개,2022-11-16
45d33adf-9b34-463e-8b40-a9a376c8e952,2cca8b6e-0dc3-4398-8fa5-d57b9eb4b1e0,할인 스테비아 토망고 ,2022-11-10
62badc3c-c375-4657-b3ac-e82fa2568203,2cca8b6e-0dc3-4398-8fa5-d57b9eb4b1e0,함경도 할머니젓갈 5종,2022-11-21
aa9388cd-710b-49bf-ba3f-4fe2a3be02db,2cca8b6e-0dc3-4398-8fa5-d57b9eb4b1e0,스테비아 토망고,2022-11-20
98f71508-f9ca-4143-aa1d-8d001889a855,2cca8b6e-0dc3-4398-8fa5-d57b9eb4b1e0,홍가리비와 노랑새조개,2022-11-11
345e068e-7a7d-43f8-910f-a40e17a16ea5,2cca8b6e-0dc3-4398-8fa5-d57b9eb4b1e0,옛날 소불고기,2022-11-17
d1f0415a-4361-4979-a16f-7de20ee2f258,34e92532-a98a-4535-8b5b-1fce13d4f6e1,그린황도 7개 한팩,2022-07-06
88305243-369b-4a3f-a431-4b7cc4c992b7,34e92532-a98a-4535-8b5b-1fce13d4f6e1,마른안주 모음전,2022-08-26
869dd59c-9209-4fd2-981d-fb70220990c5,34e92532-a98a-4535-8b5b-1fce13d4f6e1,구수한 추억의 누룽지 820g,2022-11-30
ec745ff0-d9d4-4ad9-9b88-a40832211e41,34e92532-a98a-4535-8b5b-1fce13d4f6e1,싸다싸 야채,2022-11-26
cfd6e129-9ba7-4b4d-b32c-57a18a398b24,34e92532-a98a-4535-8b5b-1fce13d4f6e1,싸다싸 야채,2022-11-25
94c969a8-f40e-45a1-8b6b-272ec35f58e5,34e92532-a98a-4535-8b5b-1fce13d4f6e1,싸다싸 야채,2022-11-29
6bfcb66c-94fc-46be-881f-53f9cc9ee4a7,34e92532-a98a-4535-8b5b-1fce13d4f6e1,싸다싸 야채,2022-11-19
857ea804-54f8-45de-9f6e-1a9e83e74cc4,34e92532-a98a-4535-8b5b-1fce13d4f6e1,선물세트(특대 11~13수),2022-08-26
f28877a7-fdce-4439-b081-53dafcc39952,34e92532-a98a-4535-8b5b-1fce13d4f6e1,사과선물세트(특대 11~13수),2022-08-26
7361642e-2a7c-4e5f-a895-1e3245255ad7,34e92532-a98a-4535-8b5b-1fce13d4f6e1,국내산한돈 냉장 돼지갈비 500g,2022-08-26
9e1a7b4c-a1b3-4e7d-bb51-742fefd529e8,34e92532-a98a-4535-8b5b-1fce13d4f6e1,국내산한돈 목살(500g) 초특가,2022-08-26
b1a15af1-4c2a-4ecd-a0ae-860ab7ffb68d,34e92532-a98a-4535-8b5b-1fce13d4f6e1,국내산한돈 삼겹살(500g) 초특가,2022-08-26
55e47b1f-05f6-434d-ad98-cbf25d6c9c0f,34e92532-a98a-4535-8b5b-1fce13d4f6e1,보리굴비 10미(30cm 내외),2022-08-26
db41a466-e023-42be-bc62-9ad55675c320,34e92532-a98a-4535-8b5b-1fce13d4f6e1,가바참외 7개 한봉지,2022-07-08
b788605f-bfdf-4ba7-aee0-25b7b2413844,34e92532-a98a-4535-8b5b-1fce13d4f6e1,가브리살 500g,2022-07-05
c1a946af-8876-4c40-8711-728339056eb6,34e92532-a98a-4535-8b5b-1fce13d4f6e1,가을 햇단감10개 한봉지,2022-10-19
df599722-653e-438a-8e25-b5fc0a096bcc,34e92532-a98a-4535-8b5b-1fce13d4f6e1,가정용 거봉 2kg,2022-10-20
6712e9b5-4ee1-4ec9-aaa9-88f3e7173d06,34e92532-a98a-4535-8b5b-1fce13d4f6e1,가정용 캠벨포도 3kg,2022-09-01
b303ce9c-f553-4f05-ab03-c037542a78c6,34e92532-a98a-4535-8b5b-1fce13d4f6e1,감숙왕 바나나,2022-11-24
f8b22e09-4b91-40c5-86ae-40aa6f6d5117,34e92532-a98a-4535-8b5b-1fce13d4f6e1,감숙왕 바나나,2022-11-23
b0ed5b0f-2510-4ec5-b739-54a14b23b05c,34e92532-a98a-4535-8b5b-1fce13d4f6e1,감숙왕 바나나,2022-11-22
edb4c629-28f1-44d1-a65a-e7b525b5257b,34e92532-a98a-4535-8b5b-1fce13d4f6e1,감숙왕 바나나,2022-11-19
f1a99cb7-e008-4106-9b8f-028aa27c4876,34e92532-a98a-4535-8b5b-1fce13d4f6e1,감숙왕 바나나,2022-11-18
3b939652-4d2d-4925-a73b-18eb340d6734,34e92532-a98a-4535-8b5b-1fce13d4f6e1,고구마 2kg,2022-10-25
7d9e180b-e3a0-4e46-a24b-1c2cb1c8db4f,34e92532-a98a-4535-8b5b-1fce13d4f6e1,고구마 2kg,2022-10-22
0764cdcd-1476-4bc2-b5ce-89565fa94ee8,34e92532-a98a-4535-8b5b-1fce13d4f6e1,고구마 2kg,2022-10-20
0dc0ce05-53c2-4322-b1c7-7f372760859f,34e92532-a98a-4535-8b5b-1fce13d4f6e1,고구마 2kg,2022-10-14
0744bd99-e678-42a2-8c7b-12cf24713d34,34e92532-a98a-4535-8b5b-1fce13d4f6e1,고구마 2kg,2022-09-15
0ba12914-841b-4a75-b3a9-8a5b02c8c66d,34e92532-a98a-4535-8b5b-1fce13d4f6e1,고구마 2kg,2022-09-01
4194fe79-3d78-4e90-8f21-0f8aa3bac957,34e92532-a98a-4535-8b5b-1fce13d4f6e1,고구마 2kg,2022-08-17
d7388514-9620-47ff-aafc-cc1a180e35f2,34e92532-a98a-4535-8b5b-1fce13d4f6e1,고구마 2kg,2022-08-30
ece8a3b0-caab-483a-aae9-25d4eba0336a,34e92532-a98a-4535-8b5b-1fce13d4f6e1,고구마 2kg,2022-08-25
e164efa4-107e-4f74-80d0-49086b701fd6,34e92532-a98a-4535-8b5b-1fce13d4f6e1,고구마 2kg,2022-08-19
a3563a93-633c-47a0-a300-6b25ef68124a,34e92532-a98a-4535-8b5b-1fce13d4f6e1,고산지 바나나 1송이,2022-06-03
c1e41c00-172c-4c82-bcc7-dad5deaa601c,34e92532-a98a-4535-8b5b-1fce13d4f6e1,고산지 바나나 1송이,2022-06-11
d14155a1-2fab-44ca-877d-1419c9cfb1c1,34e92532-a98a-4535-8b5b-1fce13d4f6e1,고창수박 8kg,2022-07-01
8ee07ff7-f664-4827-bb3f-677c0d93ba7a,34e92532-a98a-4535-8b5b-1fce13d4f6e1,골드키위 (8개) 한봉지,2022-07-08
358d263d-c109-42dc-8190-6ff540643bfc,34e92532-a98a-4535-8b5b-1fce13d4f6e1,괴산대학 찰옥수수 특품,2022-07-26
3fc1efb7-9ba7-4b5e-bb16-ddfd6e8627c6,34e92532-a98a-4535-8b5b-1fce13d4f6e1,괴산대학 찰옥수수 특품,2022-07-13
e594b614-30d5-4c12-886e-dcadfd328002,34e92532-a98a-4535-8b5b-1fce13d4f6e1,국내산 홍가리비 2kg,2022-11-01
e72c8064-a181-42ee-80fc-57f7f93b67bf,34e92532-a98a-4535-8b5b-1fce13d4f6e1,국내산 홍가리비 2kg,2022-09-28
4d70a115-0c70-47a2-8763-6976e9fd873e,34e92532-a98a-4535-8b5b-1fce13d4f6e1,국산 닭목살 1kg,2022-09-28
b1b52a0e-4c5f-4ceb-a383-9f3378cb23ab,34e92532-a98a-4535-8b5b-1fce13d4f6e1,국산 블루베리 5팩,2022-06-11
c654cd74-e6ae-4772-ba99-31e0a17523a4,34e92532-a98a-4535-8b5b-1fce13d4f6e1,국산정품 햇단호박 5kg(3~6개),2022-07-13
ffeca606-6022-4097-8c26-769665b85ce0,34e92532-a98a-4535-8b5b-1fce13d4f6e1,궁중쑥기피1kg(30알 박스),2022-11-29
579f3054-5cfd-40c1-94be-2002c9a40404,34e92532-a98a-4535-8b5b-1fce13d4f6e1,귤 로얄싸이즈 2kg(봉지),2022-11-23
ce1c93fe-9651-4e6d-a53a-d5cff5a4202b,34e92532-a98a-4535-8b5b-1fce13d4f6e1,귤 로얄싸이즈 2kg(봉지),2022-11-22
6d4d58ec-0f5a-4c65-9bda-725ec2171844,34e92532-a98a-4535-8b5b-1fce13d4f6e1,귤 로얄싸이즈 2kg(봉지),2022-10-28
22008af6-cf87-492c-9ca1-cb521f9e150f,34e92532-a98a-4535-8b5b-1fce13d4f6e1,귤 로얄싸이즈 2kg(봉지),2022-10-27
b3d13b8d-704a-463a-9b62-83ea06617efd,34e92532-a98a-4535-8b5b-1fce13d4f6e1,귤(효돈) 로얄싸이즈 2kg(봉지),2022-11-01
26737be7-cce3-4eb5-943d-962e63e36a16,34e92532-a98a-4535-8b5b-1fce13d4f6e1,귤로얄싸이즈 2kg(봉지),2022-11-03
617e6351-f24d-4675-a482-f17f537d459e,34e92532-a98a-4535-8b5b-1fce13d4f6e1,금일특가  햇단감  10개 봉지,2022-11-04
31229093-dca6-43f3-89c1-22a725c9956f,34e92532-a98a-4535-8b5b-1fce13d4f6e1,나주배 4입 봉지,2022-10-14
fd8d11c5-73d5-4685-857b-2216b9e8cd97,34e92532-a98a-4535-8b5b-1fce13d4f6e1,나주배 4입 봉지,2022-10-08
dfcecf84-ecad-4d72-99e1-e4e3e6aa71da,34e92532-a98a-4535-8b5b-1fce13d4f6e1,나주배 박스 특가,2022-09-08
1eddeede-7150-40e3-a816-bf8c5ad1c9c2,34e92532-a98a-4535-8b5b-1fce13d4f6e1,낙지탕탕이 육회(한팩),2022-09-19
726ea620-7b40-4a64-99ef-0cf67ac5ae20,34e92532-a98a-4535-8b5b-1fce13d4f6e1,닭다리 닭갈비 1kg(냉장),2022-10-28
ad07f24e-ae17-4931-b7f7-17d4ce7410a7,34e92532-a98a-4535-8b5b-1fce13d4f6e1,닭다리 닭갈비 1kg(냉장),2022-09-19
51bd08c2-cc5d-4a20-86ae-eb4532c6136f,34e92532-a98a-4535-8b5b-1fce13d4f6e1,당도선별 8kg 정품수박,2022-06-24
110dc3c9-29bd-4fa4-91b1-cbc8b3da3e36,34e92532-a98a-4535-8b5b-1fce13d4f6e1,대극천 복숭아 1kg 봉지,2022-07-11
169d74c8-85fb-45a7-a88d-9a65b81366fc,34e92532-a98a-4535-8b5b-1fce13d4f6e1,대방어회 2인분(300g),2022-10-12
61196afa-384c-4a92-9d71-2a79e04d66c6,34e92532-a98a-4535-8b5b-1fce13d4f6e1,대봉감 4입(팩) 2500원,2022-11-24
044d3094-1fd0-4afd-8362-c9bdbf051759,34e92532-a98a-4535-8b5b-1fce13d4f6e1,대봉감 8개 한봉지,2022-11-19
36ebf2a7-7e38-4def-b1dd-b40d91f5ced2,34e92532-a98a-4535-8b5b-1fce13d4f6e1,대봉감 8개 한봉지,2022-11-18
7376368a-6e7c-4f23-9db0-d62a3a35a18d,34e92532-a98a-4535-8b5b-1fce13d4f6e1,대봉감 8개 한봉지,2022-11-17
e76827b8-472a-4f1d-adaa-fe2d3efa23a7,34e92532-a98a-4535-8b5b-1fce13d4f6e1,대봉감 8개 한봉지,2022-11-11
09959693-1769-4937-80a8-50f5140ca87b,34e92532-a98a-4535-8b5b-1fce13d4f6e1,대봉감 8개 한봉지,2022-11-10
23ee3c98-20fc-4ef9-bebd-170e18e72b94,34e92532-a98a-4535-8b5b-1fce13d4f6e1,대석자두 1kg,2022-06-18
a7bc7006-204a-448c-b856-beaa1628f460,34e92532-a98a-4535-8b5b-1fce13d4f6e1,대석자두 2kg ,2022-06-24
54b8ce22-3f64-485a-9940-aea4f1bfff28,34e92532-a98a-4535-8b5b-1fce13d4f6e1,대추방울 토마토 750g,2022-06-28
f6a9384b-3ee0-4f8f-9bf0-84d20ab50d69,34e92532-a98a-4535-8b5b-1fce13d4f6e1,도근반시 한판,2022-10-11
a952ed5a-9618-4bd7-9a12-de8ddfd08bd4,34e92532-a98a-4535-8b5b-1fce13d4f6e1,돌김자반,2022-11-29
29921442-4760-493c-8de8-b3093db6861f,34e92532-a98a-4535-8b5b-1fce13d4f6e1,돌김자반,2022-11-07
c7d0c3ea-c6b2-4c91-9a28-a15c7a91002b,34e92532-a98a-4535-8b5b-1fce13d4f6e1,돌김자반,2022-07-04
16a4ea66-c14e-483a-b5f0-bbb74f16ef29,34e92532-a98a-4535-8b5b-1fce13d4f6e1,동태포 슬라이스 특가,2022-09-08
82857f38-e549-445d-9913-9d012d74b43a,34e92532-a98a-4535-8b5b-1fce13d4f6e1,딱복숭아 10개봉지(약2kg),2022-07-18
12ca0fbc-87a5-42a1-98b9-dfeefb1a4c38,34e92532-a98a-4535-8b5b-1fce13d4f6e1,딱복숭아 5입 봉지,2022-08-12
d4ed5a4d-b5a3-42d1-b0f3-54c912c95143,34e92532-a98a-4535-8b5b-1fce13d4f6e1,딱복숭아 9개봉지(약2kg),2022-07-21
d169d746-8cdb-427a-9139-1bf8352c5e1c,34e92532-a98a-4535-8b5b-1fce13d4f6e1,딸기 500g 초특가,2022-11-29
325a9761-860d-43cc-9bae-6fed21a4f20f,34e92532-a98a-4535-8b5b-1fce13d4f6e1,딸기및 오늘과일 초특가!!,2022-11-25
bddd8e1b-5670-4065-8fd9-9635ba5c0309,34e92532-a98a-4535-8b5b-1fce13d4f6e1,로즈바나나 1팩,2022-11-23
6468f905-0d26-4a5c-85c3-1432ff29dd5a,34e92532-a98a-4535-8b5b-1fce13d4f6e1,로즈바나나 1팩,2022-11-22
f94e1994-0d83-45c3-9383-4538e57ff394,34e92532-a98a-4535-8b5b-1fce13d4f6e1,로즈바나나 3팩,2022-08-12
f6be9acf-c4e0-4c89-8b74-fd52615ca178,34e92532-a98a-4535-8b5b-1fce13d4f6e1,말랑가래떡 1.2kg,2022-11-29
36761517-65c3-4629-832e-abe22515f5cd,34e92532-a98a-4535-8b5b-1fce13d4f6e1,말랑가래떡 1.2kg,2022-11-15
92143a4e-7188-46ca-959d-2fa7be72a5c8,34e92532-a98a-4535-8b5b-1fce13d4f6e1,당도보장 귤박스 5kg 초특가,2022-11-17
dd2e77ef-596c-4e69-9f2b-423e2a29c3d1,34e92532-a98a-4535-8b5b-1fce13d4f6e1,당도보장 귤박스 5kg 초특가,2022-11-11
dec69b6a-1a2f-4427-838d-56b748e591eb,34e92532-a98a-4535-8b5b-1fce13d4f6e1,당도보장 귤박스 5kg 초특가,2022-11-10
3d610c2b-1bd5-4fd6-8bf7-5ba386980195,34e92532-a98a-4535-8b5b-1fce13d4f6e1,당도보장 귤박스 5kg 초특가,2022-11-08
8119b1cf-1b81-4361-ac5e-14ef4e8607a7,34e92532-a98a-4535-8b5b-1fce13d4f6e1,당도보장 귤박스 5kg 초특가,2022-11-04
280ede14-352d-473f-b315-924a1b46d230,34e92532-a98a-4535-8b5b-1fce13d4f6e1,망굴(안깐굴)초특가 5kg,2022-11-01
4f684b0f-b830-4552-a899-b383ba8201f3,34e92532-a98a-4535-8b5b-1fce13d4f6e1,메론 특가,2022-06-28
28674d76-5f61-47c2-9172-e1f33bcc16ce,34e92532-a98a-4535-8b5b-1fce13d4f6e1,메론 특가,2022-09-01
081c3de5-a666-4ea0-8ca1-edd73bf677a7,34e92532-a98a-4535-8b5b-1fce13d4f6e1,메론 특가,2022-09-15
7adf267a-8116-4481-87e9-f445bd0064c6,34e92532-a98a-4535-8b5b-1fce13d4f6e1,메론 특가,2022-06-18
67921118-2ff3-40bf-b389-b0e37a04c80d,34e92532-a98a-4535-8b5b-1fce13d4f6e1,무항생제 계란공구,2022-06-03
7cdbb824-2290-47f4-b92d-abafa6d4f538,34e92532-a98a-4535-8b5b-1fce13d4f6e1,오리로스(국내산) 300g,2022-09-28
d48cc9e4-0e7c-4f8f-a0c5-5b073be306bb,34e92532-a98a-4535-8b5b-1fce13d4f6e1,영양가득 특란 30알,2022-11-01
2f8eaa67-c701-4038-a2e2-95439a25f3b9,34e92532-a98a-4535-8b5b-1fce13d4f6e1,영양가득 특란 30알,2022-10-25
1aaaf5e1-2f12-4bc1-b61b-ad6b797ea498,34e92532-a98a-4535-8b5b-1fce13d4f6e1,영양가득 특란 30알,2022-10-12
77e2cc7a-1c80-4131-8e9e-34a4eb209ad4,34e92532-a98a-4535-8b5b-1fce13d4f6e1,영양가득 특란 30알,2022-10-05
a1d4baa5-a08b-4a05-8bd0-ebd4338cf7ca,34e92532-a98a-4535-8b5b-1fce13d4f6e1,영양가득 특란 30알,2022-11-29
ba07d74d-d53e-414b-9fcf-9c8d630e89bf,34e92532-a98a-4535-8b5b-1fce13d4f6e1,영양가득 특란 30알,2022-11-25
87050d85-9875-47c7-b896-1b62254f9df0,34e92532-a98a-4535-8b5b-1fce13d4f6e1,바나나 한송이 ,2022-06-24
9b1c2f45-7a73-45a3-8692-73ee394eca7c,34e92532-a98a-4535-8b5b-1fce13d4f6e1,바나나 한송이 ,2022-06-18
e20a247e-1231-438f-bff7-ea8805fe2848,34e92532-a98a-4535-8b5b-1fce13d4f6e1,바나나 한송이 ,2022-08-30
7c67e144-d2ac-45bb-b4e0-844447e1d03b,34e92532-a98a-4535-8b5b-1fce13d4f6e1,반건조 오징어(3마리),2022-11-29
a7f62b42-730f-4ff1-b5f2-3bf3f9eb96e7,34e92532-a98a-4535-8b5b-1fce13d4f6e1,반건조 오징어(3마리),2022-11-15
ff472689-b2eb-406f-b810-d186a5ec8770,34e92532-a98a-4535-8b5b-1fce13d4f6e1,반건조 오징어(3마리),2022-08-03
1d6bdd3b-22ef-4c31-a7e6-65db1351411f,34e92532-a98a-4535-8b5b-1fce13d4f6e1,반건조 오징어(3마리),2022-07-27
143e38bc-9347-47f1-8f5f-64dc9b40df4a,34e92532-a98a-4535-8b5b-1fce13d4f6e1,반건조이면수 1마리,2022-08-17
3b6b24f5-1732-4ba5-87b2-93f7fe5507c3,34e92532-a98a-4535-8b5b-1fce13d4f6e1,반고개회무침,2022-07-13
d01198e1-d827-4d82-8301-918757895020,34e92532-a98a-4535-8b5b-1fce13d4f6e1,반고개회무침,2022-06-11
651e9e20-348a-4332-ba3d-9bc86481594d,34e92532-a98a-4535-8b5b-1fce13d4f6e1,반시 10~12개들이 박스,2022-10-22
b3cb3ece-d9bf-4e56-a5aa-73e8160209ea,34e92532-a98a-4535-8b5b-1fce13d4f6e1,반점 바나나 한송이,2022-07-01
f1acce35-6b48-46dd-9af0-921f3aced7a1,34e92532-a98a-4535-8b5b-1fce13d4f6e1,방울토마토 750G,2022-06-16
ca5e8954-836c-4c07-9a12-d8eafddb9e53,34e92532-a98a-4535-8b5b-1fce13d4f6e1,형제참기름,2022-11-12
95e01399-8fa4-4677-acb3-08fcc16ebd70,34e92532-a98a-4535-8b5b-1fce13d4f6e1,백도 말랑이 1박스(16입),2022-07-14
b8bb8ca6-09c6-4467-821e-f36a963cb1c7,34e92532-a98a-4535-8b5b-1fce13d4f6e1,부사 10개 한봉지,2022-10-25
bd8c2581-f31a-47c2-ad31-8cd6369a8b44,34e92532-a98a-4535-8b5b-1fce13d4f6e1,부사 10개 한봉지,2022-10-20
f73ac5af-b10f-4c8f-a9c8-a75536a2f5e4,34e92532-a98a-4535-8b5b-1fce13d4f6e1,두툼스타일모듬회 (2인분),2022-08-25
6f167600-24b7-42f5-8519-e2ba9b92cca0,34e92532-a98a-4535-8b5b-1fce13d4f6e1,두툼스타일모듬회 (2인분),2022-08-17
40b4071d-a12e-4283-845f-f589f094c345,34e92532-a98a-4535-8b5b-1fce13d4f6e1,두툼스타일모듬회 (2인분),2022-08-10
6ea09b5c-5ae8-4acd-9011-be0dca3de6fd,34e92532-a98a-4535-8b5b-1fce13d4f6e1,두툼스타일모듬회 (2인분),2022-08-03
a14cdfa3-69a0-4aa7-a4d9-3e29ef399e51,34e92532-a98a-4535-8b5b-1fce13d4f6e1,사장님물회 (2인분),2022-09-28
5da40ed2-312b-4551-9e41-e8dafc069e1b,34e92532-a98a-4535-8b5b-1fce13d4f6e1,사장님물회 (2인분),2022-09-19
c5d9616f-5480-4642-87c1-7c5e34dc5164,34e92532-a98a-4535-8b5b-1fce13d4f6e1,사장님물회 (2인분),2022-08-25
8030a1bc-395d-4858-bc9a-ac3be89d71f4,34e92532-a98a-4535-8b5b-1fce13d4f6e1,사장님물회 (2인분),2022-08-17
9de4ca1a-1ba5-4e83-a5e6-e9c383f4e6fd,34e92532-a98a-4535-8b5b-1fce13d4f6e1,사장님물회 (2인분),2022-08-10
ebad9b43-773b-40c2-b357-ac49f41c16dd,34e92532-a98a-4535-8b5b-1fce13d4f6e1,사장님물회 (2인분),2022-08-03
ab2e2598-d153-418d-96e1-47ecb56eddf8,34e92532-a98a-4535-8b5b-1fce13d4f6e1,사장님물회 (2인분),2022-07-27
57fe4c09-e769-4d9d-b208-e34075c02c60,34e92532-a98a-4535-8b5b-1fce13d4f6e1,두툼스타일 모듬회 (2인분)(광어/우럭/도미),2022-07-27
92dd9556-ca3b-49d9-ab59-198edf5dfe8a,34e92532-a98a-4535-8b5b-1fce13d4f6e1,불뽕족,2022-06-17
83125ea1-6f00-4e04-a263-6962ec428914,34e92532-a98a-4535-8b5b-1fce13d4f6e1,흑미수박 8kg,2022-08-09
f0143a6a-f646-4837-8432-e3ca04f593e3,34e92532-a98a-4535-8b5b-1fce13d4f6e1,맛보장 빠삭이 1팩(2입),2022-08-05
a690af66-a3e4-4b24-a902-7ccc364983e4,34e92532-a98a-4535-8b5b-1fce13d4f6e1,호두파이 (대한민국명장),2022-07-26
e10b6872-c802-4df1-881b-290fe58424d3,34e92532-a98a-4535-8b5b-1fce13d4f6e1,뽕족발/불뽕족발,2022-07-05
705e8bee-ae5a-4905-991d-9ef94d07ad27,34e92532-a98a-4535-8b5b-1fce13d4f6e1,사과대추 1팩,2022-09-27
224b8e9c-a834-4c26-b3dc-ee6105aa45ad,34e92532-a98a-4535-8b5b-1fce13d4f6e1,산청딸기 500g 초특가,2022-11-30
ee7b3921-c60a-4f55-b534-55857da21f5a,34e92532-a98a-4535-8b5b-1fce13d4f6e1,상주 특샤인머스켓 3수,2022-11-19
46f1b688-ab15-4647-9c1a-bcbd11f68e7b,34e92532-a98a-4535-8b5b-1fce13d4f6e1,상주 특샤인머스켓 3수,2022-11-19
7fb2973e-538f-46bf-8d44-b66ba9e3cb02,34e92532-a98a-4535-8b5b-1fce13d4f6e1,상주 특샤인머스켓 3수,2022-11-18
6f78d356-1dd9-493a-9a84-40791f01bc45,34e92532-a98a-4535-8b5b-1fce13d4f6e1,상주 특샤인머스켓 3수,2022-11-17
9a2c2ded-55d4-4b4e-a092-b4a3a25b3b1e,34e92532-a98a-4535-8b5b-1fce13d4f6e1,생물오징어,2022-07-14
d294b205-c537-474a-b956-1f0c30d3ec69,34e92532-a98a-4535-8b5b-1fce13d4f6e1,이달의 맛집 짱떡볶이 ,2022-11-01
fd6c228c-1a56-43b6-93cf-9ac62222225a,34e92532-a98a-4535-8b5b-1fce13d4f6e1,이달의 맛집 짱떡볶이 ,2022-09-19
339bddc9-1548-4519-a7b8-302c23f8cbfe,34e92532-a98a-4535-8b5b-1fce13d4f6e1,이달의 맛집 짱떡볶이 ,2022-07-04
2727e81c-801e-43c7-bb3f-b963dd139b37,34e92532-a98a-4535-8b5b-1fce13d4f6e1,샤인머스켓 2kg 특가판매,2022-09-15
74aa1625-c987-40a7-a5cc-832da8cb332b,34e92532-a98a-4535-8b5b-1fce13d4f6e1,샤인머스켓 2kg 특가판매,2022-09-07
8a96a3b5-4ebd-471c-a0ef-7ab72f18a33d,34e92532-a98a-4535-8b5b-1fce13d4f6e1,샤인머스켓 2kg 특가판매,2022-08-30
069af4cd-9d89-4e2c-a652-f14323db0dec,34e92532-a98a-4535-8b5b-1fce13d4f6e1,샤인머스켓 2kg 특가판매,2022-08-25
8b10de6c-94df-4578-9fc9-afb60a1795f5,34e92532-a98a-4535-8b5b-1fce13d4f6e1,샤인머스켓 2kg 특가판매,2022-09-08
e49dcc75-0279-4a1d-ba92-692d0ea0b7df,34e92532-a98a-4535-8b5b-1fce13d4f6e1,샤인머스켓 초특가 판매 4수,2022-10-01
3a6e2eb1-1ae6-48f3-a7ce-fc454bf8ef00,34e92532-a98a-4535-8b5b-1fce13d4f6e1,샤인머스켓 초특가 판매 4수,2022-10-08
5f5d79ca-4797-44aa-bd12-16caf500f7ec,34e92532-a98a-4535-8b5b-1fce13d4f6e1,샤인머스켓 초특가 판매 4수,2022-11-03
7ce72e8e-ac3d-4851-a073-d28121a7316c,34e92532-a98a-4535-8b5b-1fce13d4f6e1,샤인머스켓 초특가 판매 4수,2022-11-04
f8d710b7-e165-41b7-9b53-336a449b3d1c,34e92532-a98a-4535-8b5b-1fce13d4f6e1,샤인머스켓 초특가 판매 4수,2022-11-01
e9d0aa0f-26da-48c7-b499-ee9974d55837,34e92532-a98a-4535-8b5b-1fce13d4f6e1,샤인머스켓 초특가 판매 4수,2022-10-14
6c2b3374-3411-45f1-b8fa-d0ce989ebcf7,34e92532-a98a-4535-8b5b-1fce13d4f6e1,샤인머스켓 초특가 판매 4수,2022-10-12
fd873e51-a287-45ac-9cc7-69bb16281e04,34e92532-a98a-4535-8b5b-1fce13d4f6e1,샤인머스켓 초특가 판매 4수,2022-10-11
8589ea84-7263-4f70-a2c1-2267dff31391,34e92532-a98a-4535-8b5b-1fce13d4f6e1,샤인머스켓 초특가 판매 4수,2022-10-28
35184ccc-9759-405c-bce3-3524136ab6a7,34e92532-a98a-4535-8b5b-1fce13d4f6e1,샤인머스켓 초특가 판매 4수,2022-10-27
225ea113-c74a-4e33-8149-b453e68bff63,34e92532-a98a-4535-8b5b-1fce13d4f6e1,샤인머스켓 초특가 판매 4수,2022-10-25
c3f6468c-0891-4ee2-a894-4b3be808cfe6,34e92532-a98a-4535-8b5b-1fce13d4f6e1,샤인머스켓 초특가 판매 4수,2022-10-22
c2e2a3af-4b08-444f-912f-11da7f35ef11,34e92532-a98a-4535-8b5b-1fce13d4f6e1,샤인머스켓 초특가 판매 4수,2022-10-20
a41062e0-dfeb-463f-8040-8ea0d3c7d98f,34e92532-a98a-4535-8b5b-1fce13d4f6e1,샤인머스켓 초특가 판매 4수,2022-10-19
a9b845f1-49d1-4423-a2b9-bd453ce19baf,34e92532-a98a-4535-8b5b-1fce13d4f6e1,샤인머스켓 초특가 판매 4수,2022-10-15
d24e7b3d-a57c-45e7-9367-69a02464e3be,34e92532-a98a-4535-8b5b-1fce13d4f6e1,샤인머스켓 초특가 ,2022-09-24
d144dc3b-b051-46a5-842b-9c08bf097755,34e92532-a98a-4535-8b5b-1fce13d4f6e1,샤인머스켓 초특가 ,2022-09-20
12b127d1-733c-4f19-92c7-06c9e4df0daf,34e92532-a98a-4535-8b5b-1fce13d4f6e1,샤인머스켓 초특가 판매 4수,2022-09-27
a97a9dd4-b5bb-4850-87ec-887e489a6dcb,34e92532-a98a-4535-8b5b-1fce13d4f6e1,설홍 복숭아 1kg,2022-09-01
df3c1922-292b-455e-9f27-ec66f9968f7e,34e92532-a98a-4535-8b5b-1fce13d4f6e1,설홍 복숭아 1kg,2022-09-07
ed070169-8cb2-400c-b5c9-63f70f211668,34e92532-a98a-4535-8b5b-1fce13d4f6e1,소라무침 2인분,2022-11-29
540d7d63-9c36-4010-9978-7542164f2c4a,34e92532-a98a-4535-8b5b-1fce13d4f6e1,소라무침 2인분,2022-11-15
927f4dad-cab1-4c49-b583-7f1c8ef8d1a5,34e92532-a98a-4535-8b5b-1fce13d4f6e1,소목심불고기 800G,2022-09-19
a4166bc4-a132-42c6-92ae-9693ff711726,34e92532-a98a-4535-8b5b-1fce13d4f6e1,소목심불고기 800G,2022-07-19
e50ed607-0758-4279-b10b-42d8442696eb,34e92532-a98a-4535-8b5b-1fce13d4f6e1,소목심불고기 800G,2022-07-04
2d2fdd21-075d-43ba-81f3-60a9e7724e86,34e92532-a98a-4535-8b5b-1fce13d4f6e1,스테비아 방울토마토 1KG,2022-10-08
ddfc473a-e95b-4096-a8b9-e754b1808d7b,34e92532-a98a-4535-8b5b-1fce13d4f6e1,스테비아 방울토마토 1KG,2022-09-23
dab0df97-47f6-453e-a617-5071f2952351,34e92532-a98a-4535-8b5b-1fce13d4f6e1,스테비아 방울토마토 1KG,2022-08-30
21ac240f-c68a-4bdd-b063-96866c367f55,34e92532-a98a-4535-8b5b-1fce13d4f6e1,스테비아 방울토마토 1KG,2022-06-03
936bc764-3348-466c-9539-a940cb4828ab,34e92532-a98a-4535-8b5b-1fce13d4f6e1,스테비아감자 1팩,2022-06-11
38530cc6-6e17-4ca0-a959-4c97b5b9c6fc,34e92532-a98a-4535-8b5b-1fce13d4f6e1,스테비아감자 600g,2022-11-04
595faf72-255a-4790-a8fb-cfff627e9ae9,34e92532-a98a-4535-8b5b-1fce13d4f6e1,스테비아감자 600g,2022-11-03
7b2c6a7c-bccb-45df-93c1-39743680b9f7,34e92532-a98a-4535-8b5b-1fce13d4f6e1,스테비아토마토 1kg,2022-11-01
ff7002da-5074-41d2-b552-ddb104ed9489,34e92532-a98a-4535-8b5b-1fce13d4f6e1,스테비아토마토 1kg,2022-10-28
ca15e704-8f16-4f30-8d96-3f15e4efbc7f,34e92532-a98a-4535-8b5b-1fce13d4f6e1,스테비아토마토 500g,2022-11-24
3cf45ec6-48e5-4882-8596-3c7567e86024,34e92532-a98a-4535-8b5b-1fce13d4f6e1,스테비아토마토 500g,2022-11-23
f6b7599f-04cb-4270-b123-cf0df93ac793,34e92532-a98a-4535-8b5b-1fce13d4f6e1,스테비아토마토 500g,2022-11-22
9a0e277d-7d8c-4bfa-b790-00540c46a0e6,34e92532-a98a-4535-8b5b-1fce13d4f6e1,스테비아토마토 500g,2022-11-19
b074572a-7cdf-4248-ab8e-afbfcab90a18,34e92532-a98a-4535-8b5b-1fce13d4f6e1,스테비아토마토 500g,2022-11-17
e23ec081-f9cc-4fe9-8db3-5ce4fb71062d,34e92532-a98a-4535-8b5b-1fce13d4f6e1,스테비아토마토 500g,2022-11-11
2444e32e-3b24-4b52-b724-357510df895f,34e92532-a98a-4535-8b5b-1fce13d4f6e1,스테비아토마토 500g,2022-11-08
e806a12f-2405-4215-8e3e-566317a0b01c,34e92532-a98a-4535-8b5b-1fce13d4f6e1,스테비아토마토 500g,2022-11-04
407fd3f9-ba42-4940-96b5-beaba3685c9f,34e92532-a98a-4535-8b5b-1fce13d4f6e1,스테비아토마토 500g,2022-11-03
bd478cf4-a75e-42d6-9fb1-ce125594af97,34e92532-a98a-4535-8b5b-1fce13d4f6e1,오색송편 1kg,2022-09-02
a759cafb-50a7-49ef-818e-16d8bbf8f3fd,34e92532-a98a-4535-8b5b-1fce13d4f6e1,신비복숭아 2kg ,2022-06-24
f2a68958-86b6-471e-b39c-f0a8bfe3e07b,34e92532-a98a-4535-8b5b-1fce13d4f6e1,신선복숭아 2KG,2022-06-16
12ac9b7e-a6b9-4cfe-bdfd-d7c63046b821,34e92532-a98a-4535-8b5b-1fce13d4f6e1,신선복숭아 2kg,2022-06-18
5c9f2d95-3d5d-4734-8d5a-ea64e4bc3447,34e92532-a98a-4535-8b5b-1fce13d4f6e1,사장님 낙지볶음 2인분,2022-11-10
792cb8d7-c3cc-4ae4-abd3-f5bc86c3a56c,34e92532-a98a-4535-8b5b-1fce13d4f6e1,사장님 낙지볶음 2인분,2022-11-01
bf7c7acf-e869-4f89-9802-c9b8c8a9e1f2,34e92532-a98a-4535-8b5b-1fce13d4f6e1,싱싱 모듬조개 세트,2022-10-26
d966a4c3-b3b3-4c88-a423-9de8c5647213,34e92532-a98a-4535-8b5b-1fce13d4f6e1,천도복숭아 2kg,2022-07-08
353fbd59-128d-4c65-a8e5-a807ea325e38,34e92532-a98a-4535-8b5b-1fce13d4f6e1,천도복숭아 5kg,2022-07-05
d77c4448-caac-404f-91a6-2b7670a4ad7f,34e92532-a98a-4535-8b5b-1fce13d4f6e1,씨없는 적포도 1KG,2022-06-03
cdfa0789-f336-4bbf-9c53-31f8b9036c2d,34e92532-a98a-4535-8b5b-1fce13d4f6e1,씨없는 적포도 1KG,2022-06-16
c792fad7-e225-463f-b01b-3f49944f61b7,34e92532-a98a-4535-8b5b-1fce13d4f6e1,아까스키 복숭아 2kg,2022-06-28
1be6dc36-7ee6-4bd9-98d9-d81d000b9143,34e92532-a98a-4535-8b5b-1fce13d4f6e1,세꼬시2인분,2022-11-15
2efaebee-6f9a-435e-a2ae-058a5c1adf3c,34e92532-a98a-4535-8b5b-1fce13d4f6e1,아리수 사과 10개,2022-08-30
2ada0593-3ffb-41a3-9d84-7882a23c7154,34e92532-a98a-4535-8b5b-1fce13d4f6e1,아리수 사과 10개,2022-09-07
0ba2899a-766c-43e9-b388-ac3bc30058f4,34e92532-a98a-4535-8b5b-1fce13d4f6e1,아리수 사과 10개,2022-09-01
e517fc63-498e-4c55-b090-074e00aacd23,34e92532-a98a-4535-8b5b-1fce13d4f6e1,아보카도 8개,2022-08-23
5ccd0012-00f7-4790-a853-024cb70f5d37,34e92532-a98a-4535-8b5b-1fce13d4f6e1,아보카도 8개,2022-08-19
641c617d-ee5a-43f1-bda5-ed2809608a2a,34e92532-a98a-4535-8b5b-1fce13d4f6e1,아보카도 8개,2022-08-17
b98bc8c8-a48e-44ec-91b8-a936a12f0733,34e92532-a98a-4535-8b5b-1fce13d4f6e1,아삭부사 10개,2022-10-28
49b7bbcd-60e1-4ba4-808b-916901ac4f7f,34e92532-a98a-4535-8b5b-1fce13d4f6e1,아삭부사 10개,2022-10-27
97ce53b3-0a89-4658-9b97-63952101d93b,34e92532-a98a-4535-8b5b-1fce13d4f6e1,아삭햇부사 10개,2022-11-23
62a97dcf-bae5-4934-805d-3f6b9be13645,34e92532-a98a-4535-8b5b-1fce13d4f6e1,아삭햇부사 10개,2022-11-22
5b3cab87-9db9-46fb-bbe4-c28e029e3fe9,34e92532-a98a-4535-8b5b-1fce13d4f6e1,아삭햇부사 10개,2022-11-19
f625f16e-21b9-4755-af72-91678b5c456e,34e92532-a98a-4535-8b5b-1fce13d4f6e1,아삭햇부사 10개,2022-11-18
19eb44bd-04c4-4314-8e6f-0ad6194335e1,34e92532-a98a-4535-8b5b-1fce13d4f6e1,아삭햇부사 10개,2022-11-17
f6535b77-80f8-4fb8-9013-272a39d49742,34e92532-a98a-4535-8b5b-1fce13d4f6e1,아삭햇부사 10개,2022-11-11
f68cfad9-1fac-4ca4-8ea1-03560c592395,34e92532-a98a-4535-8b5b-1fce13d4f6e1,아삭햇부사 10개,2022-11-04
235701c5-5cd4-4fcf-a09c-8be9fdd17de7,34e92532-a98a-4535-8b5b-1fce13d4f6e1,아삭햇부사 10개,2022-11-01
a490d617-4df1-426b-ba9b-6d551d943e78,34e92532-a98a-4535-8b5b-1fce13d4f6e1,국산블루베리 5통,2022-06-28
db5f4f3d-823f-4a56-a21b-8a17b3d34771,34e92532-a98a-4535-8b5b-1fce13d4f6e1,맹동수박 6kg 이상 보장!,2022-07-21
cee9a97f-4035-4ef1-9e77-f9ccbf2698a0,34e92532-a98a-4535-8b5b-1fce13d4f6e1,오늘과일 특판,2022-11-26
30c71835-65c5-41ea-ac03-95092bcdb1bd,34e92532-a98a-4535-8b5b-1fce13d4f6e1,오리주물럭 1kg,2022-10-28
3986f517-f2f9-4090-9f8a-e5f0658ad901,34e92532-a98a-4535-8b5b-1fce13d4f6e1,완숙자두 2kg,2022-07-01
2df8d23c-b685-4573-9ac8-8d6a21bb5be2,34e92532-a98a-4535-8b5b-1fce13d4f6e1,완숙토마토 2kg,2022-09-15
dca09064-ac35-4804-af66-936e66a5b16e,34e92532-a98a-4535-8b5b-1fce13d4f6e1,왕거봉 (2kg),2022-10-08
7b713880-3e1d-431f-8557-69272a6c5235,34e92532-a98a-4535-8b5b-1fce13d4f6e1,왕거봉 (2kg),2022-08-20
71fe986b-3b6f-4965-9fdf-593d344014fc,34e92532-a98a-4535-8b5b-1fce13d4f6e1,왕꿀거봉 (2kg),2022-08-23
abb9794d-b8a3-471f-aa60-40f5f2056f3a,34e92532-a98a-4535-8b5b-1fce13d4f6e1,왕단호박 1개,2022-08-19
76c99e56-5de4-47da-b8d9-92910b3bedb9,34e92532-a98a-4535-8b5b-1fce13d4f6e1,왕단호박 1개,2022-08-17
166e092e-5499-4d4b-ad72-9776e03f5de1,34e92532-a98a-4535-8b5b-1fce13d4f6e1,왕복숭아(4kg),2022-08-18
b96d88f2-605a-4488-92e8-94e8bb415aa6,34e92532-a98a-4535-8b5b-1fce13d4f6e1,왕왕 선프레천도복숭아 9개,2022-07-11
6e299498-c66d-478e-9618-5c7979c1c590,34e92532-a98a-4535-8b5b-1fce13d4f6e1,왕왕 선프레천도복숭아 9개,2022-07-11
3eda382a-7eb8-43f1-bb0b-903ddb03a9fa,34e92532-a98a-4535-8b5b-1fce13d4f6e1,운암산 캠벨포도 3kg,2022-10-15
4a114f75-71fd-471f-977e-b5cf3e881edb,34e92532-a98a-4535-8b5b-1fce13d4f6e1,제천 자두 1봉지(약2kg),2022-07-18
730d24b3-51cf-4921-b85f-c75809ed7015,34e92532-a98a-4535-8b5b-1fce13d4f6e1,이동갈비 500g,2022-09-28
235ba5df-8966-44bf-b9d5-59f63988d91c,34e92532-a98a-4535-8b5b-1fce13d4f6e1,카스테라호박인절미,2022-11-15
0856e7c2-9952-487b-8486-866db379aa13,34e92532-a98a-4535-8b5b-1fce13d4f6e1,카스테라호박인절미,2022-07-19
2e186d87-f466-41cf-be96-0051a807602b,34e92532-a98a-4535-8b5b-1fce13d4f6e1,자몽 10개,2022-10-08
a99f1528-0557-4ba1-9cf4-d231feff4e85,34e92532-a98a-4535-8b5b-1fce13d4f6e1,자몽 10개,2022-10-01
96302394-75ae-4ce1-ae0a-ccf229bd71a3,34e92532-a98a-4535-8b5b-1fce13d4f6e1,자몽 10개,2022-09-29
006eeba8-8eec-4163-af55-d3e710320fb6,34e92532-a98a-4535-8b5b-1fce13d4f6e1,자숙백골뱅이 한팩,2022-11-29
41a7a91e-c5c1-4e53-9fd6-cd25e2edca63,34e92532-a98a-4535-8b5b-1fce13d4f6e1,자숙호래기 300g,2022-11-29
f0f61769-7603-48dc-8203-6bc3ff8cf8b2,34e92532-a98a-4535-8b5b-1fce13d4f6e1,자연산 뿔소라1kg,2022-11-01
d7c47bbc-871c-4f94-9a76-16ecb387d564,34e92532-a98a-4535-8b5b-1fce13d4f6e1,자연산 숭어회 2인분(250g),2022-11-02
1828ffba-6712-4781-add5-6b1036bbfee4,34e92532-a98a-4535-8b5b-1fce13d4f6e1,자연산 특! 대방어회 2인분(300g),2022-11-17
5c120918-2a8d-44a8-af74-934a93e5c91d,34e92532-a98a-4535-8b5b-1fce13d4f6e1,재산수박 6kg,2022-07-18
89a09d2a-53e2-4c5e-abaa-11637ae73bbf,34e92532-a98a-4535-8b5b-1fce13d4f6e1,전설의 삼식이매운탕,2022-11-15
6b13343d-10b1-44b5-85f3-2ea3f66089aa,34e92532-a98a-4535-8b5b-1fce13d4f6e1,전설의 삼식이매운탕,2022-11-07
15e2ae95-257a-4bb9-8d65-d67f46e384c7,34e92532-a98a-4535-8b5b-1fce13d4f6e1,품질보장 하우스수박 7KG,2022-06-16
5276419c-f8af-455b-9cf0-078696be8a84,34e92532-a98a-4535-8b5b-1fce13d4f6e1,품질보장 하우스수박 7KG,2022-07-14
6a0dc561-3233-4a01-95a6-ebaac0fffd9f,34e92532-a98a-4535-8b5b-1fce13d4f6e1,품질보장 하우스수박 7KG,2022-06-28
f961dd1d-9d85-4ec8-b2b3-d140d9229c10,34e92532-a98a-4535-8b5b-1fce13d4f6e1,제철 대방어회 2인분,2022-10-23
01be93c0-af06-4aac-b9f3-a0002f2bbc51,34e92532-a98a-4535-8b5b-1fce13d4f6e1,제철 대방어회 2인분,2022-10-19
47359cb4-c3a0-4940-a2f3-a828ef895ee5,34e92532-a98a-4535-8b5b-1fce13d4f6e1,제철 대방어회 2인분,2022-11-10
6d5f58d4-5c41-49f5-91b4-c230bc8a78ce,34e92532-a98a-4535-8b5b-1fce13d4f6e1,제철 대방어회 2인분,2022-11-07
8dfd1c7c-8015-4687-ba3a-af92088ebad4,34e92532-a98a-4535-8b5b-1fce13d4f6e1,찰토마토 3kg,2022-07-08
e4f5d76c-ea6c-4504-8e51-8580ba6c92b7,34e92532-a98a-4535-8b5b-1fce13d4f6e1,참외 5kg,2022-07-08
e741edfe-f4e3-4427-a142-eeca0515ccf7,34e92532-a98a-4535-8b5b-1fce13d4f6e1,천홍왕복숭아 (10개),2022-07-28
edde63a3-85dc-4ab5-a555-3c4b5d56af77,34e92532-a98a-4535-8b5b-1fce13d4f6e1,초계냉면 2인분,2022-07-19
5ad3f4f3-ddf7-4a02-8dfb-fc104979dc8c,34e92532-a98a-4535-8b5b-1fce13d4f6e1,초당옥수수 특품,2022-07-26
db8b3225-8078-40c3-bfb4-68e272a25723,34e92532-a98a-4535-8b5b-1fce13d4f6e1,초당옥수수 특품,2022-07-13
02ad3a4b-4443-47f2-9202-4b4c8c0a3fa9,34e92532-a98a-4535-8b5b-1fce13d4f6e1,초특가 멜론 1통,2022-08-23
e4617c10-803e-49e4-b2d9-faeb2592fbd8,34e92532-a98a-4535-8b5b-1fce13d4f6e1,초특가 싱싱딸기 두팩,2022-11-24
6c09e598-400f-4c84-ad3f-2a9b063a81f1,34e92532-a98a-4535-8b5b-1fce13d4f6e1,초특가 싱싱딸기 두팩,2022-11-23
c228f3b3-ee61-4d54-ae1b-8407fb94b361,34e92532-a98a-4535-8b5b-1fce13d4f6e1,초특가 햇사레백도 한박스,2022-08-03
d3e03dd5-e428-4b11-a4e5-42a3acee6d27,34e92532-a98a-4535-8b5b-1fce13d4f6e1,촉촉 감말랭이 1팩,2022-11-19
23dab7b9-d4a3-4890-a33d-136c66abf0fd,34e92532-a98a-4535-8b5b-1fce13d4f6e1,촉촉 감말랭이 1팩,2022-11-18
586c4007-0862-47fc-9590-e87a2538ced7,34e92532-a98a-4535-8b5b-1fce13d4f6e1,촉촉 감말랭이 1팩,2022-11-17
14c31b69-43e4-4370-b32c-f352ef5409a6,34e92532-a98a-4535-8b5b-1fce13d4f6e1,춘천 찰토마토3KG,2022-06-11
7bf31a8d-2204-482b-88e5-265ed32b295b,34e92532-a98a-4535-8b5b-1fce13d4f6e1,춘천찰토마토 3kg ,2022-06-24
05252989-46db-46d4-8f80-fcb82acd136a,34e92532-a98a-4535-8b5b-1fce13d4f6e1,카스테라 크림인절미 1BOX,2022-07-04
30a5a351-c889-4ff8-8935-ec1aba57e65d,34e92532-a98a-4535-8b5b-1fce13d4f6e1,캔디포도 스냅(초고당도),2022-08-19
5ebfd5c5-91b1-48f0-b778-8da9ac8bbaab,34e92532-a98a-4535-8b5b-1fce13d4f6e1,캔디포도 스냅(초고당도),2022-08-17
d6a787fb-6661-4019-a7ab-d00c47f74c66,34e92532-a98a-4535-8b5b-1fce13d4f6e1,캔디포도 스냅(초고당도),2022-08-12
0c3ba581-2ffe-4e39-9104-c27a2edfb879,34e92532-a98a-4535-8b5b-1fce13d4f6e1,캠벨포도 3kg,2022-09-24
0f5dc621-b587-4f32-a3f9-eb59d862bd4e,34e92532-a98a-4535-8b5b-1fce13d4f6e1,캠벨포도 3kg,2022-09-23
51998b8e-2209-4d30-a981-ed685336dad7,34e92532-a98a-4535-8b5b-1fce13d4f6e1,캠벨포도 3kg,2022-09-20
d2732ca2-0c30-4c73-aa52-acc1b07fc396,34e92532-a98a-4535-8b5b-1fce13d4f6e1,크리스피 청포도(초고당도),2022-08-19
8e6edff9-20d8-4da0-821c-73280a04d1be,34e92532-a98a-4535-8b5b-1fce13d4f6e1,크리스피 청포도(초고당도),2022-08-17
7c5e941b-f205-474a-8fd2-6fee2b162cb0,34e92532-a98a-4535-8b5b-1fce13d4f6e1,크리스피 청포도(초고당도),2022-08-12
dcb3a21d-621c-4572-9764-81210863c696,34e92532-a98a-4535-8b5b-1fce13d4f6e1,크림치즈어니언베이글(대한민국명장),2022-07-26
d0ecfe68-95c0-4761-a215-61ded0cd73d0,34e92532-a98a-4535-8b5b-1fce13d4f6e1,큰자두 2kg,2022-06-28
93ed11a6-5222-48d8-9328-504134156a69,34e92532-a98a-4535-8b5b-1fce13d4f6e1,신토불이 떡볶이,2022-08-10
5dcc9e4a-694b-4a74-866a-0fc8860e7683,34e92532-a98a-4535-8b5b-1fce13d4f6e1,맛좋은 통닭 두마리,2022-10-05
c1638d55-72fa-472c-9bb3-7086709873df,34e92532-a98a-4535-8b5b-1fce13d4f6e1,투플 샤인머스켓 2kg 박스,2022-11-10
308da986-c613-4054-8c45-a21243f2b24b,34e92532-a98a-4535-8b5b-1fce13d4f6e1,특샤인머스켓 3수,2022-11-23
85ac7924-eab8-46f0-8987-7db31a193cf0,34e92532-a98a-4535-8b5b-1fce13d4f6e1,특샤인머스켓 3수,2022-11-22
8269365e-1b90-4d6f-9d00-0b7ff1b96938,34e92532-a98a-4535-8b5b-1fce13d4f6e1,팩복숭아(8개) 1팩,2022-07-08
f2083a82-6e37-4d91-82f6-7f2b2ed6cbca,34e92532-a98a-4535-8b5b-1fce13d4f6e1,팩복숭아(8개) 1팩,2022-07-05
e69946b3-e047-4514-b02d-65822a36a1af,34e92532-a98a-4535-8b5b-1fce13d4f6e1,하우스귤 (500g),2022-08-19
b2242c4d-97cc-44d4-83e2-b9e1888fe83e,34e92532-a98a-4535-8b5b-1fce13d4f6e1,하우스귤 3kg,2022-07-05
80c7b343-5373-4696-93c2-887bfeb61afa,34e92532-a98a-4535-8b5b-1fce13d4f6e1,하우스귤 (500g),2022-08-05
eb67982a-99ad-4bea-8abd-e0985e2b7450,34e92532-a98a-4535-8b5b-1fce13d4f6e1,하우스귤 (500g),2022-07-01
da038a01-e795-4812-900a-4bf82070e3b1,34e92532-a98a-4535-8b5b-1fce13d4f6e1,하우스정품수박 5kg 초특가 할인,2022-07-28
b29cfe3e-e2cc-4384-b597-e94399f81a43,34e92532-a98a-4535-8b5b-1fce13d4f6e1,하우스귤 (500g),2022-09-23
7d06be92-5219-4937-bce5-83d21c00caae,34e92532-a98a-4535-8b5b-1fce13d4f6e1,하우스귤 (500g),2022-09-20
a1f92bc5-98c0-4449-a6cb-edbbaaa13aad,34e92532-a98a-4535-8b5b-1fce13d4f6e1,하우스귤 (500g),2022-09-08
d1d7d8f5-7d35-4f22-9564-acc14114391d,34e92532-a98a-4535-8b5b-1fce13d4f6e1,하프셀굴 1박스,2022-11-29
c491b459-b4dd-4312-bd9d-e0f9ab57a3d4,34e92532-a98a-4535-8b5b-1fce13d4f6e1,하프셀굴 1박스,2022-11-01
568b37bb-a54c-4727-8594-298ea66e74f0,34e92532-a98a-4535-8b5b-1fce13d4f6e1,하프셀굴 1박스,2022-10-26
6b02f682-d657-4ec7-a23a-ad5f44fe1479,34e92532-a98a-4535-8b5b-1fce13d4f6e1,한돈국밥 초특가 ,2022-06-02
3f360849-7fea-4e99-a10c-10c3ce10da6c,34e92532-a98a-4535-8b5b-1fce13d4f6e1,한돈수제포갈비 1kg,2022-07-19
ea6e162f-a01a-422f-9403-1ef9cf1c511d,34e92532-a98a-4535-8b5b-1fce13d4f6e1,한돈수제포갈비 1kg,2022-07-05
b2717ed5-d75c-408f-9ad0-e47f23df93ad,34e92532-a98a-4535-8b5b-1fce13d4f6e1,한우곱창 한상모듬 1kg,2022-07-19
3a4bbe7a-72d3-496e-8942-053b35afa10f,34e92532-a98a-4535-8b5b-1fce13d4f6e1,햇단감 10개,2022-11-08
9ea6727d-0a23-4d09-9287-d28b9818499f,34e92532-a98a-4535-8b5b-1fce13d4f6e1,햇단감 10개,2022-11-03
23f514eb-6f39-4a84-84c6-29cf97e17541,34e92532-a98a-4535-8b5b-1fce13d4f6e1,햇단감 10개,2022-10-27
92041514-0fb3-4bfa-89ac-f90079a1f169,34e92532-a98a-4535-8b5b-1fce13d4f6e1,햇단감 10개,2022-10-25
696af6ca-b6ed-4d39-8602-bca3ecf6bf13,34e92532-a98a-4535-8b5b-1fce13d4f6e1,햇단감 10개,2022-10-22
90ec6daa-9f2c-42b5-b9ad-6946a063a55b,34e92532-a98a-4535-8b5b-1fce13d4f6e1,햇단감 10개,2022-10-20
96306dc0-7fe1-4798-a166-2a4dea91c194,34e92532-a98a-4535-8b5b-1fce13d4f6e1,햇단감 10개,2022-11-01
1fc1632c-330a-405e-a625-08ae747e4c71,34e92532-a98a-4535-8b5b-1fce13d4f6e1,햇사레 그레이트백도박스(20개),2022-08-09
811bddd1-f1f4-4bc5-8d4c-722452b6900a,34e92532-a98a-4535-8b5b-1fce13d4f6e1,햇사레 그레이트백도박스(20개),2022-08-02
e379b696-d990-4003-930e-90c18c7b0ad7,34e92532-a98a-4535-8b5b-1fce13d4f6e1,햇사레 그레이트백도박스(20개),2022-08-01
d0db8b13-6fe3-4ae3-8393-03cf8123c779,34e92532-a98a-4535-8b5b-1fce13d4f6e1,햇사레 그레이트백도박스(20개),2022-07-28
515e7ab8-7c22-4621-b48f-bc691beccb13,34e92532-a98a-4535-8b5b-1fce13d4f6e1,햇사레 그레이트백도박스(20개),2022-07-26
74114ddf-c66a-4771-8e07-ee40c40852b8,34e92532-a98a-4535-8b5b-1fce13d4f6e1,햇사레 복숭아,2022-09-27
c6a4359b-9ecc-409b-9515-e3bf1462c5ac,34e92532-a98a-4535-8b5b-1fce13d4f6e1,햇사레 쫀득황도 박스(20개),2022-07-23
4c8b8ee6-a08d-45bc-a91f-ab533a195cc8,34e92532-a98a-4535-8b5b-1fce13d4f6e1,햇홍로사과 10개,2022-08-19
e7298e52-be70-4cb3-9478-20601d105384,34e92532-a98a-4535-8b5b-1fce13d4f6e1,햇홍로사과 12개,2022-09-23
2775c4ba-69cd-4de0-a17f-67ddd1b71f1e,34e92532-a98a-4535-8b5b-1fce13d4f6e1,홍로사과 5kg박스,2022-09-08
fdcadd61-d3ec-4a43-a8c1-e69c5581af92,34e92532-a98a-4535-8b5b-1fce13d4f6e1,황금향 1팩,2022-11-24
61bb9fe9-e369-4e90-91f3-846fb26caa3b,34e92532-a98a-4535-8b5b-1fce13d4f6e1,황금향 3kg,2022-11-23
c842a15a-17d0-400c-9650-f004e345ea1e,34e92532-a98a-4535-8b5b-1fce13d4f6e1,황금향 3kg,2022-11-22
520c1c0d-f056-421c-a276-e7d15a4d65fe,34e92532-a98a-4535-8b5b-1fce13d4f6e1,황도(15입) 박스,2022-08-23
be268cfb-d857-49b3-859e-08ee274bff22,34e92532-a98a-4535-8b5b-1fce13d4f6e1,황도(15입) 박스,2022-09-29
f8239ef4-5164-4746-a1fa-2b625e0e6ab5,34e92532-a98a-4535-8b5b-1fce13d4f6e1,황옥사과 2kg,2022-11-11
17ec4867-7dce-4598-9afe-aa957d5738a9,34e92532-a98a-4535-8b5b-1fce13d4f6e1,황옥사과 2kg,2022-11-10
c9d52f88-4e79-4997-8f89-fba2de280739,34e92532-a98a-4535-8b5b-1fce13d4f6e1,미네랄 수박 8kg,2022-07-08
79830203-7bc0-47ed-aa54-3ea94b0594b7,34e92532-a98a-4535-8b5b-1fce13d4f6e1,흑미수박 6kg,2022-06-02
8404e46d-d580-4ace-a8fe-6505cfa0887c,34e92532-a98a-4535-8b5b-1fce13d4f6e1,흑미수박 9kg,2022-06-18
9d19578b-2104-4084-a791-e5c6b6427554,34e92532-a98a-4535-8b5b-1fce13d4f6e1,흑미수박 5KG,2022-06-03
16bddee8-0f19-412d-b313-91f4c8bd3763,34e92532-a98a-4535-8b5b-1fce13d4f6e1,흑미수박 5KG,2022-06-11
84c783cd-6e34-4aff-a096-b9c91c14b4d3,4f1d3d66-8473-4738-b4d3-cd904297ed95,춘천맛집! 용산닭갈비,2022-10-07
173a2c8c-887b-42de-bbb3-b2212bf031e5,4f1d3d66-8473-4738-b4d3-cd904297ed95,고성 홍가리비 2kg,2022-10-12
e04dabf5-a4b2-4faf-97ca-1101159d9806,4f1d3d66-8473-4738-b4d3-cd904297ed95,최가상회 떡갈비,2022-08-05
a240b19a-13de-4309-81b4-61d74a4ac56c,4f1d3d66-8473-4738-b4d3-cd904297ed95,하루견과 선물세트 3종,2022-08-26
43be56c2-66bf-4295-ac44-403ad4c5a324,4f1d3d66-8473-4738-b4d3-cd904297ed95,LA 양념갈비 선물세트,2022-08-25
785a21c4-a470-4954-80ae-386ec5532b3a,4f1d3d66-8473-4738-b4d3-cd904297ed95,27년 전통!! 유천냉면 & 폭립  ,2022-09-13
cb9cefde-27c6-4fcc-9a30-1738cb9580d1,4f1d3d66-8473-4738-b4d3-cd904297ed95,27년 전통!! 유천냉면,2022-07-19
0ccea7b2-8de4-442b-b082-c44bda6e559b,4f1d3d66-8473-4738-b4d3-cd904297ed95,수요미식회 출연 일미집 감자탕,2022-11-28
c81b0f16-706d-4aa3-bd82-754e1e8ae732,4f1d3d66-8473-4738-b4d3-cd904297ed95,수요미식회 출연 일미집 감자탕,2022-10-18
681089db-79a7-4fbb-898e-6967c3b8598b,4f1d3d66-8473-4738-b4d3-cd904297ed95,10년 연속 명장인증! 특수빵 5종,2022-11-02
fbc454e5-ec7a-4ad0-a4f3-1baa4705f974,4f1d3d66-8473-4738-b4d3-cd904297ed95,10년 연속 명장인증! 특수빵 5종,2022-07-22
edf7c131-d7b5-4af7-919d-745c68502b77,4f1d3d66-8473-4738-b4d3-cd904297ed95,압구정공주떡 흑임자인절미,2022-09-07
f641d148-8530-412e-936c-3d9627ae5586,4f1d3d66-8473-4738-b4d3-cd904297ed95,한우 꽃등심 300g,2022-11-08
967e576d-847b-4f4d-adcc-8d0b0eba8e8a,4f1d3d66-8473-4738-b4d3-cd904297ed95,한우 꽃등심 300g,2022-11-08
1bee6896-aa79-47ed-a199-f6dabfaec8b9,4f1d3d66-8473-4738-b4d3-cd904297ed95,한우 꽃등심 300g + 서비스 50g,2022-11-08
013fa1a7-f554-467c-ba15-30fd4b8033e7,4f1d3d66-8473-4738-b4d3-cd904297ed95,한우 국거리(양지) 300g,2022-11-08
214ca924-b766-44d7-9b8f-13484e47e9b1,4f1d3d66-8473-4738-b4d3-cd904297ed95,한우 불고기용 300g,2022-11-11
3967873c-17e5-42da-bfed-cd77f60f26c3,4f1d3d66-8473-4738-b4d3-cd904297ed95,한우 갈비 짜투리살 (국거리/볶음요리용),2022-11-15
133e339c-2f11-44f4-972f-b5c6f2a93dc7,4f1d3d66-8473-4738-b4d3-cd904297ed95,"뭉티기, 특수부위 300g  ",2022-11-16
e8bb0353-08f1-4211-aa59-bd128fd4ce37,4f1d3d66-8473-4738-b4d3-cd904297ed95,한우 불고기용 300g,2022-11-22
610b0c16-4e32-46b5-9480-c53abaf227a1,4f1d3d66-8473-4738-b4d3-cd904297ed95,한우 불고기용 300g,2022-11-22
ae07246c-98ab-4846-949c-1b3f81de6ba1,4f1d3d66-8473-4738-b4d3-cd904297ed95,한우부채살 이벤트 300g 초특가!,2022-11-22
59e37634-fb0f-4f26-b60e-002ff87a5b8a,4f1d3d66-8473-4738-b4d3-cd904297ed95,"한우 꽃등심, 특수부위, 국거리 300g",2022-11-12
0c87f74f-03e9-4ab7-987c-7b9db26b78d3,4f1d3d66-8473-4738-b4d3-cd904297ed95,한우 꽃등심 300g,2022-11-03
0c1035d0-8d18-4d2c-bfcd-5c888f137469,4f1d3d66-8473-4738-b4d3-cd904297ed95,한우 뭉티기 300g ,2022-11-22
09bca887-402c-431c-8215-e2e4363b0a05,4f1d3d66-8473-4738-b4d3-cd904297ed95,한우 뭉티기 300g ,2022-11-11
e4698b06-cd6d-460a-93da-3b4737058806,4f1d3d66-8473-4738-b4d3-cd904297ed95,한우 뭉티기 300g ,2022-11-03
39a61256-9c7f-4b47-99b7-b9f280a8b0dc,4f1d3d66-8473-4738-b4d3-cd904297ed95,한우 구이용 300g + 짜투리 200g 서비스,2022-11-13
dd608867-71f8-42dc-9087-ce2fa37a7b1c,4f1d3d66-8473-4738-b4d3-cd904297ed95,한우 국거리 300g  + 육수 800ml 서비스,2022-11-13
c2afcf48-62be-4ae6-b471-2f1e67f07eac,4f1d3d66-8473-4738-b4d3-cd904297ed95,한우 특수부위 300g + 짜투리 100g 서비스,2022-11-03
6c0208eb-1d49-4503-97ce-7f16257bb754,4f1d3d66-8473-4738-b4d3-cd904297ed95,한우 국거리(양지) 300g,2022-11-03
405e24ec-a8f2-46ca-93d1-d6b0f7b6befb,4f1d3d66-8473-4738-b4d3-cd904297ed95,압구정공주떡 흑임자인절미,2022-08-25
bc93b843-d67f-4e30-b7cd-6ee48156213e,4f1d3d66-8473-4738-b4d3-cd904297ed95,오징어 안주모음,2022-08-26
65e14e0c-6173-4a99-9234-56b8806c0ee4,4f1d3d66-8473-4738-b4d3-cd904297ed95,한우 선물세트(1.2kg),2022-08-28
9972982f-f705-4ba1-8041-8d2c2c66d09e,4f1d3d66-8473-4738-b4d3-cd904297ed95,한우 선물세트(1.2kg),2022-08-26
9cc4f729-740e-43a9-ae73-f6b317af68e6,4f1d3d66-8473-4738-b4d3-cd904297ed95,한돈삼겹살 600g,2022-11-22
bc43af52-6995-43fc-b95b-160ab728a655,4f1d3d66-8473-4738-b4d3-cd904297ed95,5가지맛 종합전병세트 (500g),2022-08-26
233fb8e7-6cd8-422b-ae5b-c674d4861218,4f1d3d66-8473-4738-b4d3-cd904297ed95,만원족발 650g (야채/양념 포함),2022-10-15
86d55349-f208-4919-804b-6667e4168459,4f1d3d66-8473-4738-b4d3-cd904297ed95,한돈 떡갈비100g+100g,2022-07-09
c2a51c1a-5af2-4788-8817-4bc1c841a490,4f1d3d66-8473-4738-b4d3-cd904297ed95,간식모음전,2022-09-13
674780e9-1da8-41b2-8f6b-ca822f0adf58,4f1d3d66-8473-4738-b4d3-cd904297ed95,골목식당 닭요리 모음,2022-11-09
768886f5-3ce9-4433-9086-4c466e49d586,4f1d3d66-8473-4738-b4d3-cd904297ed95,명인시장 맛집 (순희네빈대떡/대구매운탕),2022-07-19
7ae352d0-c806-4185-ae1c-03ac9dfddb3d,4f1d3d66-8473-4738-b4d3-cd904297ed95,명인시장 복희네 빈대떡 반죽,2022-06-09
f40ac761-0a5c-4c13-88d1-a44281b96ffa,4f1d3d66-8473-4738-b4d3-cd904297ed95,명인시장 복희네 빈대떡 반죽,2022-11-12
adaaf11b-5643-4067-ab75-10fff7dcfe03,4f1d3d66-8473-4738-b4d3-cd904297ed95,명인시장 복희네 빈대떡 반죽,2022-09-30
ebe94818-cb79-4db2-828e-342a91a0477a,4f1d3d66-8473-4738-b4d3-cd904297ed95,광주똑순이아구찜 (소),2022-07-26
a71694d9-c0ef-4c98-b639-69cace209c90,4f1d3d66-8473-4738-b4d3-cd904297ed95,김치 칼국수,2022-06-24
5e5cfa3a-c1b3-4419-9f58-7cb9057068a6,4f1d3d66-8473-4738-b4d3-cd904297ed95,포항 명포갈치식당 갈치조림,2022-11-25
fe278c3a-ea73-488e-bb39-e40de14b00e2,4f1d3d66-8473-4738-b4d3-cd904297ed95,남동공단떡볶이,2022-07-01
129b0d6d-1fbf-45ab-bc4b-263efe2bdcec,4f1d3d66-8473-4738-b4d3-cd904297ed95,뉴욕 베이글/ 크림치즈 ,2022-07-14
7de111dc-7e00-4416-8cc3-2ddca5abcfa2,4f1d3d66-8473-4738-b4d3-cd904297ed95,뉴욕 베이글/ 크림치즈 ,2022-08-18
2ea65db1-dd16-4e32-a084-5abec642f251,4f1d3d66-8473-4738-b4d3-cd904297ed95,청운식당 주물럭&청국장,2022-09-28
c2f1b904-5901-4bf6-8612-e2738dc1348a,4f1d3d66-8473-4738-b4d3-cd904297ed95,청운식당 주물럭&청국장,2022-06-07
c8f51415-e3ce-490f-87d1-5f1f261ce844,4f1d3d66-8473-4738-b4d3-cd904297ed95,청운식당 주물럭&청국장,2022-06-29
225f1955-bbb0-44c5-8b7b-3e048e4048a5,4f1d3d66-8473-4738-b4d3-cd904297ed95,달달 꾸덕 애플파이 4개,2022-08-11
ce48622c-24d7-4f39-b75f-6aede7a698c8,4f1d3d66-8473-4738-b4d3-cd904297ed95,대용랑 폭립 1kg,2022-07-12
818c5734-52b0-453b-8981-cc7267406684,4f1d3d66-8473-4738-b4d3-cd904297ed95,도수향 이북식인절미,2022-07-05
053fa6f1-09f0-4f02-90ce-b7be2e1ee79e,4f1d3d66-8473-4738-b4d3-cd904297ed95,도수향 이북식인절미,2022-10-29
4fefd29f-df48-4e1d-a30c-2fb0a7d75492,4f1d3d66-8473-4738-b4d3-cd904297ed95,육즙가득 망원 떡갈비,2022-10-13
3f88221e-599f-4fda-b932-1d5b11063326,4f1d3d66-8473-4738-b4d3-cd904297ed95,장안의 화재 왕일조우동,2022-08-02
760becd3-303c-477f-94cc-3373ce07c8fd,4f1d3d66-8473-4738-b4d3-cd904297ed95,장안의 화재 왕일조우동,2022-06-14
d0a4386b-a386-4bee-9f17-faae3c8b18d5,4f1d3d66-8473-4738-b4d3-cd904297ed95,장안의 화재 왕일조우동,2022-11-05
2df7e1f7-5abf-484e-88e1-203ed13f3d54,4f1d3d66-8473-4738-b4d3-cd904297ed95,망원동 카레 4종 (스파이시/오리지널/키마/토마토치킨),2022-06-09
30103a53-fb9f-422d-9ece-16e555bb010a,4f1d3d66-8473-4738-b4d3-cd904297ed95,마복림떡볶이,2022-07-28
3e08c59f-c26f-4f75-828d-e045887b6331,4f1d3d66-8473-4738-b4d3-cd904297ed95,매콤 수원 오징어보쌈(3인분),2022-10-17
b91d2498-fa02-4a74-964a-c40726230337,4f1d3d66-8473-4738-b4d3-cd904297ed95,수원 왕닭강정 3가지맛을 한번에,2022-10-12
bd7c1238-1954-4f94-be80-2622138bf807,4f1d3d66-8473-4738-b4d3-cd904297ed95,수원시장 맛집 3종,2022-07-08
d5edb4e9-19b9-451c-b255-fd608d29c546,4f1d3d66-8473-4738-b4d3-cd904297ed95,수원시장 맛집 홍어무침 3인분 ,2022-08-16
4c9e8e65-7acc-414d-b3b2-d2c07a294d75,4f1d3d66-8473-4738-b4d3-cd904297ed95,수원시장 새콤달콤 홍어무침 3인분,2022-11-09
484b08d6-4191-432b-9ea2-efde1281ddd2,4f1d3d66-8473-4738-b4d3-cd904297ed95,수원시장 새콤달콤 홍어무침 3인분,2022-09-20
4103ace2-ac2f-49bd-8c8a-90328b5a4819,4f1d3d66-8473-4738-b4d3-cd904297ed95,충무로 꼬마김밥,2022-10-08
5f7efc87-e0b3-4ceb-883f-d2a172cbf523,4f1d3d66-8473-4738-b4d3-cd904297ed95,충무로 꼬마김밥,2022-08-06
e2ed0464-159e-489b-9571-22e295fe613c,4f1d3d66-8473-4738-b4d3-cd904297ed95,미니붕어빵(피자/단팥),2022-10-18
24ce13df-ed01-4bf8-afd2-853750b01cb9,4f1d3d66-8473-4738-b4d3-cd904297ed95,홍대수제고로케 10개,2022-11-09
77a11303-6cae-4225-aab6-cf3b739149a3,4f1d3d66-8473-4738-b4d3-cd904297ed95,홍대수제고로케 10개,2022-09-21
d461e34d-b14e-4309-9b9e-f824add3ebe8,4f1d3d66-8473-4738-b4d3-cd904297ed95,소문난 맛집 토마토바질크런치 / 소금빵,2022-11-25
4b6a4b5b-0e15-4fb0-be96-b004b21c05b5,4f1d3d66-8473-4738-b4d3-cd904297ed95,소문난 맛집 토마토바질크런치 / 소금빵,2022-10-06
cf5ce52b-f36e-4021-9edc-a60094135535,4f1d3d66-8473-4738-b4d3-cd904297ed95,유기농 빵 모음,2022-09-15
93dbda3a-f68b-4088-a5a7-24d0f0d53591,4f1d3d66-8473-4738-b4d3-cd904297ed95,유기농 빵 모음,2022-08-13
5129be4c-e1cf-4519-a15f-014a8c67cc99,4f1d3d66-8473-4738-b4d3-cd904297ed95,불향 가득 명안식당 쌈밥,2022-11-12
c66d7171-1be6-4170-9307-58980c80dd65,4f1d3d66-8473-4738-b4d3-cd904297ed95,불향 가득 명안식당 쌈밥,2022-08-11
d041a5fa-ab80-467c-b99f-84bfaad0a5ea,4f1d3d66-8473-4738-b4d3-cd904297ed95,포항시 로컬맛집 우렁된장찌개 / 제육볶음,2022-08-02
743d37c0-8dd6-4ace-9bcc-f07c03d9328c,4f1d3d66-8473-4738-b4d3-cd904297ed95,망원식당 쌈밥,2022-06-21
ce505dcb-3a0a-4049-8ebc-b1b11d78562b,4f1d3d66-8473-4738-b4d3-cd904297ed95,한우 암소 특별곰탕(한우고기+내장),2022-08-09
2d1c4a23-913f-4649-b641-e5d5d7bbb9ce,4f1d3d66-8473-4738-b4d3-cd904297ed95,앙꼬절편/궁중인절미,2022-09-15
c7e009e0-a927-445e-835a-3aaf20d9d9b7,4f1d3d66-8473-4738-b4d3-cd904297ed95,앙꼬절편/궁중인절미,2022-08-12
8b5b6726-bb97-48ae-b6ab-ec333e28a80a,4f1d3d66-8473-4738-b4d3-cd904297ed95,신당동 우리집떡볶이 즉석떡볶이/닭발,2022-06-24
e8f75583-ca56-4c72-ab24-61e0c00e45d5,4f1d3d66-8473-4738-b4d3-cd904297ed95,모란시장 불닭발,2022-10-29
d1006d1d-ca67-4f72-943c-22675169efda,4f1d3d66-8473-4738-b4d3-cd904297ed95,모란시장 불닭발,2022-07-28
8d3d1882-b398-4b84-80e5-780a908db25e,4f1d3d66-8473-4738-b4d3-cd904297ed95,압구정공주떡집 흑임자인절미,2022-10-19
529c0e6d-ca39-4ed7-a88d-0556c26291fd,4f1d3d66-8473-4738-b4d3-cd904297ed95,압구정공주떡집 흑임자인절미,2022-07-21
9ea9be66-8abb-43e6-8bfc-c5f2042336be,4f1d3d66-8473-4738-b4d3-cd904297ed95,압구정공주떡집 흑임자인절미,2022-06-16
3e364f0b-1fe9-413c-b315-da7803933df0,4f1d3d66-8473-4738-b4d3-cd904297ed95,압구정공주떡집 흑임자인절미,2022-06-17
86e42e14-dd8f-428b-bea3-35ba13c59c8d,4f1d3d66-8473-4738-b4d3-cd904297ed95,오징어/낙지 불고기,2022-07-13
143b9967-3336-4909-8e6e-8255d37409e6,4f1d3d66-8473-4738-b4d3-cd904297ed95,냉모밀 2인,2022-07-05
d0440830-f82f-4ffe-8ce2-bbc7b94c2d02,4f1d3d66-8473-4738-b4d3-cd904297ed95,냉모밀 2인,2022-06-03
2d335dd0-4bdc-41be-99ac-5d4da2727778,4f1d3d66-8473-4738-b4d3-cd904297ed95,애플하우스 떡볶이&납짝만두,2022-06-10
a4b6df37-4169-491f-91ef-70ecbf41aa20,4f1d3d66-8473-4738-b4d3-cd904297ed95,매콤순살닭전골,2022-10-13
ec61198f-fb0a-4aa7-8d28-12ecd989a677,4f1d3d66-8473-4738-b4d3-cd904297ed95,매콤순살닭전골,2022-09-13
cf98d248-94ce-423b-b3a1-28310c78f8a2,4f1d3d66-8473-4738-b4d3-cd904297ed95,매콤순살닭전골,2022-08-12
c9b83d57-2ef7-428e-b9bb-64398d2dbf43,4f1d3d66-8473-4738-b4d3-cd904297ed95,매콤한 한우국밥,2022-11-16
9834fdf7-0745-426c-bb78-439aeb8a8058,4f1d3d66-8473-4738-b4d3-cd904297ed95,망원동 맛집 칠리가지 2인분,2022-07-22
9ceb5c94-850b-4ec9-983a-d02905d4dc9c,4f1d3d66-8473-4738-b4d3-cd904297ed95,오오통살새우까스/한돈쏙교자만두/새우가마보꼬 특판,2022-06-02
d278356e-94e5-4414-a18e-fcf5bff95983,4f1d3d66-8473-4738-b4d3-cd904297ed95,닭강정 + 진미채 튀김토핑,2022-08-18
ae07da9d-fc36-4296-b073-2cdf7414d26d,4f1d3d66-8473-4738-b4d3-cd904297ed95,용두동 오징어 볶음,2022-10-29
aeebd283-01b9-436a-b072-59ef7eea5d3e,4f1d3d66-8473-4738-b4d3-cd904297ed95,"한우 국거리(앞다리,설깃) 300g",2022-10-14
a078709d-de9f-461d-ba8b-de57027f90db,4f1d3d66-8473-4738-b4d3-cd904297ed95,한우 꽃등심 300g,2022-10-14
0ceaabac-d429-4a51-8692-60917a655c8c,4f1d3d66-8473-4738-b4d3-cd904297ed95,한우 뭉티기 300g,2022-10-14
9322a6a0-795e-40ec-add9-d54946b31b8f,4f1d3d66-8473-4738-b4d3-cd904297ed95,한우 뭉티기 300g,2022-10-07
4912ff5d-00bb-4faf-b82f-d9b11c84c668,4f1d3d66-8473-4738-b4d3-cd904297ed95,원조 물갈비한접시,2022-07-29
28b2f772-8b0a-4f2b-95a2-089891686b16,4f1d3d66-8473-4738-b4d3-cd904297ed95,닭한마리 특가,2022-11-21
343f8090-8816-4615-bf9e-dd8aa9e8a8fd,4f1d3d66-8473-4738-b4d3-cd904297ed95,곱창전골(중),2022-10-05
8022693b-4f50-4a79-924f-47b5265bac46,4f1d3d66-8473-4738-b4d3-cd904297ed95,웰빙 간식 4종 ,2022-07-05
9e282821-b4a6-48ac-9674-c70cd1b92ec9,4f1d3d66-8473-4738-b4d3-cd904297ed95,웰빙 간식 4종 ,2022-07-05
53b8490d-3d11-47f0-9fae-f3255d25e5cb,4f1d3d66-8473-4738-b4d3-cd904297ed95,강원도 특판 돼지목살왕구이 700g,2022-07-15
c5b42a8d-d75d-476d-a200-45851f7dc09e,4f1d3d66-8473-4738-b4d3-cd904297ed95,강원도 특판 돼지목살왕구이 700g,2022-11-14
bd0d25b4-88e5-47cf-93f8-dc595aa4b32b,4f1d3d66-8473-4738-b4d3-cd904297ed95,강원도 특판 돼지목살왕구이 700g,2022-10-22
6325b9c0-7093-4d68-96c0-f8fd877b6200,4f1d3d66-8473-4738-b4d3-cd904297ed95,강원도 특판 돼지목살왕구이 700g,2022-09-23
e4942c84-6261-42b0-afb9-e04634477bad,4f1d3d66-8473-4738-b4d3-cd904297ed95,강원도 특판 돼지목살왕구이 700g,2022-08-17
38524bac-1a6a-4e04-b585-68c067bc21e8,4f1d3d66-8473-4738-b4d3-cd904297ed95,강원도 특판 돼지목살왕구이 700g,2022-06-16
58e798c4-e6e3-4318-8bac-614a009b256e,4f1d3d66-8473-4738-b4d3-cd904297ed95,LA 양념갈비 800g,2022-11-12
46a18e5b-b4d2-4d9b-9e6d-4e97001aa8e2,4f1d3d66-8473-4738-b4d3-cd904297ed95,LA 양념갈비 800g,2022-06-30
93cc889d-eae0-4904-a22c-c3172c6b751e,4f1d3d66-8473-4738-b4d3-cd904297ed95,이영자 코끼리만두 김치만두,2022-11-19
ac92e9b8-8f6e-4ea5-ba63-fa467c82e328,4f1d3d66-8473-4738-b4d3-cd904297ed95,수제 화덕피자 4종,2022-10-26
a70d8474-210e-46ed-82f4-a31b139525fa,4f1d3d66-8473-4738-b4d3-cd904297ed95,수제 화덕피자 4종,2022-07-29
7034bf34-e6a4-41b2-b683-ec5c05b8a19e,4f1d3d66-8473-4738-b4d3-cd904297ed95,수제 화덕피자 4종,2022-07-01
de75bce6-abca-4d27-bb05-14d753c182a7,4f1d3d66-8473-4738-b4d3-cd904297ed95,수제 화덕피자 4종,2022-06-08
c2c7ac82-f232-48de-8b1d-4662e400a15b,4f1d3d66-8473-4738-b4d3-cd904297ed95,성남 원조 불닭강정,2022-11-06
57e4fd33-7bb0-470a-ab12-44eded17c45c,4f1d3d66-8473-4738-b4d3-cd904297ed95,성남 원조 불닭강정,2022-09-23
5939aac3-8f66-44f7-9e07-54534f08d25a,4f1d3d66-8473-4738-b4d3-cd904297ed95,제주 3대 닭강정 한마리(중간맛/매운맛) ,2022-06-01
3a1d104e-234a-4c1c-b5ef-249e17096566,4f1d3d66-8473-4738-b4d3-cd904297ed95,고소한 콩물1L /콩생면 450g,2022-08-03
3f798618-77f3-4a51-a65e-ef657c8b253b,4f1d3d66-8473-4738-b4d3-cd904297ed95,고소한 콩물1L /콩생면 450g,2022-07-08
98357fce-0210-4063-98d9-ba78add79afe,4f1d3d66-8473-4738-b4d3-cd904297ed95,작은공간 즉석떡볶이,2022-11-19
69428884-454f-4f78-8107-dfa6ed50f6d6,4f1d3d66-8473-4738-b4d3-cd904297ed95,쫄깃한 연탄빵과 벽돌빵 페스츄리,2022-11-30
2300d224-1cfe-43c5-a4c8-634ff6968c50,4f1d3d66-8473-4738-b4d3-cd904297ed95,쫄깃한 연탄빵과 벽돌빵 페스츄리,2022-09-22
444c646f-927e-46b5-8767-31d9e8148d1f,4f1d3d66-8473-4738-b4d3-cd904297ed95,쫄깃한 연탄빵과 벽돌빵 페스츄리,2022-08-03
a0c865dd-8a57-4b4f-bea4-8a1eb6c8ecc0,4f1d3d66-8473-4738-b4d3-cd904297ed95,찹쌀 김부각 45g 1봉지,2022-09-30
b49a8b3f-8766-445c-b5ac-b7251b9a339e,4f1d3d66-8473-4738-b4d3-cd904297ed95,찹쌀 김부각 45g 1봉지,2022-08-20
f565ed12-bc8c-40f9-8126-3b49ebeb26e6,4f1d3d66-8473-4738-b4d3-cd904297ed95,찹쌀 김부각 45g 1봉지,2022-07-15
c7a47fc8-bf83-404c-b0e3-e5d092fc2396,4f1d3d66-8473-4738-b4d3-cd904297ed95,찹쌀 김부각 45g 1봉지,2022-07-22
2e91a831-4ae9-4e7b-93fb-7dc449183246,4f1d3d66-8473-4738-b4d3-cd904297ed95,찹쌀 김부각 45g 1봉지,2022-11-05
7a7bc5b1-7a61-42af-8503-4c614bcf5b86,4f1d3d66-8473-4738-b4d3-cd904297ed95,대전 만두 맛집 고기만두 / 매운 김치만두 1팩,2022-11-29
f1b4463e-1090-40cf-92f1-9d5c68765a03,4f1d3d66-8473-4738-b4d3-cd904297ed95,대전 만두 맛집 고기만두 / 매운 김치만두 1팩,2022-10-19
9d5d29ff-1314-4b37-9377-c758a1fbc9e5,4f1d3d66-8473-4738-b4d3-cd904297ed95,대전 만두 맛집 고기만두 / 매운 김치만두 1팩,2022-08-29
2cb4fc07-550c-4d1a-868e-4f28ec216043,4f1d3d66-8473-4738-b4d3-cd904297ed95,명인떡갈비,2022-10-08
f6c6e0d7-1fc4-4f3b-8eae-cef327f9514e,4f1d3d66-8473-4738-b4d3-cd904297ed95,명인떡갈비,2022-06-23
42315b43-b866-4832-baee-24a76e07cdcf,4f1d3d66-8473-4738-b4d3-cd904297ed95,추석 맞이 간편 냉동 식품 모음전,2022-08-31
762ed7e3-0734-4ffe-b1b0-b72498c03b2f,4f1d3d66-8473-4738-b4d3-cd904297ed95,추억의 맛 공단떡볶이,2022-10-22
60471818-f55f-44ac-bf55-d0da0a45a0e1,4f1d3d66-8473-4738-b4d3-cd904297ed95,추억의 맛 공단떡볶이,2022-08-25
0ed80c3d-c5c2-4df9-8ba8-2ad07f3e03de,4f1d3d66-8473-4738-b4d3-cd904297ed95,맛좋은 숏다리/ 꽃징어/맥반석버터 슬라이스,2022-08-05
5dd84b2c-1cc8-4405-b195-e967656f5518,4f1d3d66-8473-4738-b4d3-cd904297ed95,코끼리만두 김치만두,2022-10-12
84e6fb8c-c677-4167-b934-afc8e4cbef43,4f1d3d66-8473-4738-b4d3-cd904297ed95,코끼리만두 김치만두,2022-10-17
9d4a28fc-3d91-489c-9ee1-6fabc988c33c,4f1d3d66-8473-4738-b4d3-cd904297ed95,코끼리만두 김치만두,2022-09-20
caeef696-8549-4167-8135-4cf191abfbf7,4f1d3d66-8473-4738-b4d3-cd904297ed95,코끼리만두 김치만두,2022-08-23
c9747255-4546-4f95-a05a-e811965796d3,4f1d3d66-8473-4738-b4d3-cd904297ed95,코끼리만두 김치만두,2022-08-02
e3883b24-2447-453f-90cf-c4410d2925b3,4f1d3d66-8473-4738-b4d3-cd904297ed95,코끼리만두 김치만두,2022-07-12
49c5b702-5b68-433c-a46b-41d85e71307e,4f1d3d66-8473-4738-b4d3-cd904297ed95,코끼리만두 김치만두,2022-06-20
954f3e67-b071-4428-9bc2-aad93282fc7b,4f1d3d66-8473-4738-b4d3-cd904297ed95,코끼리만두 김치만두,2022-06-14
7233b7df-42c7-45ad-af9f-cadc60a81bf8,4f1d3d66-8473-4738-b4d3-cd904297ed95,코끼리만두 김치만두,2022-09-05
62e99bd7-c832-4d05-bd88-e850b8248626,4f1d3d66-8473-4738-b4d3-cd904297ed95,코끼리만두 김치만두,2022-09-15
eccf5a68-cea7-42f0-a574-c19edbf80b4e,4f1d3d66-8473-4738-b4d3-cd904297ed95,코끼리만두 김치만두,2022-08-16
a3af359a-feb7-4eb7-a7d5-07d6424b199e,4f1d3d66-8473-4738-b4d3-cd904297ed95,코끼리만두 김치만두,2022-07-20
9b8d62a3-193d-47a8-8402-fb199c694f5e,4f1d3d66-8473-4738-b4d3-cd904297ed95,코끼리만두 김치만두,2022-06-28
d141539e-e185-4bb8-905d-654eb99dd948,4f1d3d66-8473-4738-b4d3-cd904297ed95,코끼리만두 김치만두,2022-06-08
552500ea-6984-46b7-be3e-49ac344f694a,4f1d3d66-8473-4738-b4d3-cd904297ed95,코끼리만두 김치만두,2022-08-09
123dff87-6a65-4e92-9e52-334223093a79,4f1d3d66-8473-4738-b4d3-cd904297ed95,코끼리만두 김치만두,2022-07-26
33545a38-5977-43fe-849f-977e8e4b1f04,4f1d3d66-8473-4738-b4d3-cd904297ed95,코끼리만두 김치만두,2022-07-06
e80fdd56-fe77-42a8-bf5b-8ee68f100dca,4f1d3d66-8473-4738-b4d3-cd904297ed95,코끼리만두 김치만두,2022-06-21
bcf23396-4832-4cf2-8d64-ae558ed588bc,4f1d3d66-8473-4738-b4d3-cd904297ed95,코끼리만두 김치만두,2022-09-27
1ba19d00-9399-4c57-8505-bca9cffdbd13,4f1d3d66-8473-4738-b4d3-cd904297ed95,코끼리만두 김치만두,2022-08-08
f554dd7f-554a-466e-99f4-0693761aa9a4,4f1d3d66-8473-4738-b4d3-cd904297ed95,코끼리만두 김치만두,2022-09-19
75c00647-8c89-4c29-aaba-b3107e17193f,4f1d3d66-8473-4738-b4d3-cd904297ed95,코끼리만두 김치만두,2022-08-29
68a77669-9981-4681-a1c4-c576a57868fe,4f1d3d66-8473-4738-b4d3-cd904297ed95,코끼리만두 김치만두,2022-08-30
f298a709-8395-4277-b8dd-3645c4c7702b,4f1d3d66-8473-4738-b4d3-cd904297ed95,코끼리만두 김치만두,2022-09-26
0a541824-97ef-492d-ab28-a196ef2f690d,4f1d3d66-8473-4738-b4d3-cd904297ed95,코끼리만두 김치만두,2022-10-10
3484d66d-c866-402a-a1b4-3529972cda43,4f1d3d66-8473-4738-b4d3-cd904297ed95,코끼리만두 김치만두,2022-10-05
3817d96b-1d9c-4d5a-b85b-90e978b93110,4f1d3d66-8473-4738-b4d3-cd904297ed95,코끼리만두 김치만두,2022-10-04
7f0bb4b0-6c63-45e4-bd4b-a381f95b6370,4f1d3d66-8473-4738-b4d3-cd904297ed95,코끼리만두 김치만두,2022-10-01
2e69187b-8c76-495f-973d-248aa92e16c8,4f1d3d66-8473-4738-b4d3-cd904297ed95,코끼리만두 김치만두,2022-11-15
d17aae54-ebae-4828-bc58-8dd20c32eed7,4f1d3d66-8473-4738-b4d3-cd904297ed95,코끼리만두 김치만두,2022-11-02
caf08b72-fd67-41eb-a8e4-60f80c050fa1,4f1d3d66-8473-4738-b4d3-cd904297ed95,크로아상 10종 세트 박스,2022-07-27
8fc203a9-ab97-4b74-aafd-fc363f1414bd,4f1d3d66-8473-4738-b4d3-cd904297ed95,치즈타르트(6입),2022-07-12
ec03fe9c-063b-460d-b89a-7152174ca07c,4f1d3d66-8473-4738-b4d3-cd904297ed95,치즈타르트(6입),2022-07-12
a70c5652-181b-4a01-b5a9-1fe208abc43f,4f1d3d66-8473-4738-b4d3-cd904297ed95,한돈만두/새우가마보꼬/통살새우튀김/새우멘보샤 모음전,2022-10-26
6aa1608e-c38c-4529-8cbe-d1a496aef7fe,4f1d3d66-8473-4738-b4d3-cd904297ed95,한돈만두/새우가마보꼬/통살새우튀김/새우멘보샤 모음전,2022-07-06
7680cebc-f48a-40f0-a2e9-b9d8c0354555,4f1d3d66-8473-4738-b4d3-cd904297ed95,패스츄리 오징어,2022-07-15
e516fd06-1835-405d-b2a5-3542e650eea7,4f1d3d66-8473-4738-b4d3-cd904297ed95,패스츄리 오징어,2022-06-15
35523181-bfa1-4741-868b-f6c3278cffe7,4f1d3d66-8473-4738-b4d3-cd904297ed95,패스츄리 오징어,2022-08-20
78783df3-ef66-412b-b278-f65dd93d780a,4f1d3d66-8473-4738-b4d3-cd904297ed95,패스츄리 오징어,2022-10-19
a8b99061-4dae-4f63-83aa-e15e9682d23a,4f1d3d66-8473-4738-b4d3-cd904297ed95,패스츄리 오징어,2022-11-21
70eaa88f-f5d5-41b5-b94d-41fbee11e754,4f1d3d66-8473-4738-b4d3-cd904297ed95,풍선크림빵 6종 세트,2022-09-16
aadc4bf8-acbe-4a32-bcf4-fd0e3e79430e,4f1d3d66-8473-4738-b4d3-cd904297ed95,술안주 모음 페스츄리오징어/김부각/넛츠&리얼칩스,2022-07-29
f1a7bec4-29f2-4665-8316-3cc424e27bb3,4f1d3d66-8473-4738-b4d3-cd904297ed95,"한우 국거리(앞다리,설깃) 300g",2022-10-07
84c96be5-bdf0-4acc-a9eb-e2b06d0c7cd6,4f1d3d66-8473-4738-b4d3-cd904297ed95,찐맛집 3총사(아귀구이/쥐포/보리굴비),2022-07-22
09822831-79c4-4727-a8bb-18104bcb5cd3,4f1d3d66-8473-4738-b4d3-cd904297ed95,달콤 국물 떡볶이 2인분,2022-10-09
139a80d4-b2fe-436f-8f4a-bad2798e30dd,4f1d3d66-8473-4738-b4d3-cd904297ed95,달콤 국물 떡볶이 2인분,2022-07-25
813512ce-1db9-4c4c-9188-9e6f2e98f6ee,4f1d3d66-8473-4738-b4d3-cd904297ed95,특판 애플하우스 떡볶이&무침만두,2022-10-26
5cfd2b61-a42b-43bb-b57b-789b848214fc,4f1d3d66-8473-4738-b4d3-cd904297ed95,특판 애플하우스 떡볶이&무침만두,2022-09-22
53999f00-1c81-4f80-abe8-e3849fd9c538,4f1d3d66-8473-4738-b4d3-cd904297ed95,특판 애플하우스 떡볶이&무침만두,2022-08-19
b13c0a92-e09e-46ad-a512-9fdd5a5a1ef2,4f1d3d66-8473-4738-b4d3-cd904297ed95,특판 애플하우스 떡볶이&무침만두,2022-07-15
266bf047-318b-4639-b155-147f095b80af,4f1d3d66-8473-4738-b4d3-cd904297ed95,특판 애플하우스 떡볶이&무침만두,2022-06-28
a33d5a14-738f-4019-8313-583871476b33,afe78ffc-4843-47e3-979f-42a5d45dcca2,바베큐 폭립 1kg,2022-05-02
9f0c44e4-895f-4d0b-95b8-fb20b58ffa2f,afe78ffc-4843-47e3-979f-42a5d45dcca2,원조호수 삼계탕 대박맛집!,2022-05-02
55b03ce0-0576-4b0e-bd4b-310d7bd50c00,afe78ffc-4843-47e3-979f-42a5d45dcca2,한우 국밥,2022-05-02
152a34a2-615b-4c35-9a0c-4cadb996c423,34e92532-a98a-4535-8b5b-1fce13d4f6e1,대박 과일공구!,2022-05-02
d7de34ee-e976-49dd-9338-dc5b1d89efb8,34e92532-a98a-4535-8b5b-1fce13d4f6e1,대박 과일공구!,2022-05-02
b027e68a-8445-4f11-a7de-d319926e869f,34e92532-a98a-4535-8b5b-1fce13d4f6e1,대박 과일공구!,2022-05-02
1cdb2b0b-57a3-49d4-8783-07e44d00fec6,34e92532-a98a-4535-8b5b-1fce13d4f6e1,대박 과일공구!,2022-05-02
7308b32e-c99f-4f49-ad57-931ca90d0818,34e92532-a98a-4535-8b5b-1fce13d4f6e1,대박 과일공구!,2022-05-02
11ccc256-899e-4065-bdc6-bab9f9f9289f,34e92532-a98a-4535-8b5b-1fce13d4f6e1,대박 과일공구!,2022-05-02
48cc7689-0757-4bb2-8ce6-6a2b236e5d3a,34e92532-a98a-4535-8b5b-1fce13d4f6e1,밥도둑 돌김자반,2022-05-02
7f376e49-5b6c-4f29-a6a0-328b07822c99,34e92532-a98a-4535-8b5b-1fce13d4f6e1,밥도둑 돌김자반,2022-05-02
a243b1e4-9770-41a9-a550-85e404171464,34e92532-a98a-4535-8b5b-1fce13d4f6e1,매운갈비찜/묵은지갈비찜,2022-05-02
af495623-2eea-4120-a144-ad8244b66efb,34e92532-a98a-4535-8b5b-1fce13d4f6e1,한정판매 특가 계란 30구,2022-05-02
ba71c3e8-7bb4-4fb6-92c4-06b697bd23de,34e92532-a98a-4535-8b5b-1fce13d4f6e1,반건조 초특가,2022-05-02
47cb6891-91bb-4133-b0f9-fe4d5b1560cb,34e92532-a98a-4535-8b5b-1fce13d4f6e1,밥강도 땡초비빔된장,2022-05-02
0458181a-8d5a-485f-aaca-54aa58477963,34e92532-a98a-4535-8b5b-1fce13d4f6e1,복호두,2022-05-02
46da72b6-0e59-4267-9670-19bda06ddc3e,34e92532-a98a-4535-8b5b-1fce13d4f6e1,뽕족발,2022-05-02
15e0f2cb-81ce-45c0-9ac6-5f083651f581,34e92532-a98a-4535-8b5b-1fce13d4f6e1,뽕족발,2022-05-02
efe2f61c-0aeb-402e-8cdb-fbfa96e229d0,34e92532-a98a-4535-8b5b-1fce13d4f6e1,뽕족발,2022-05-02
6019fa51-e97b-4ede-90f5-ae6bb4e56718,34e92532-a98a-4535-8b5b-1fce13d4f6e1,소목심불고기 800G,2022-05-02
e9997f04-b4dd-44bf-ae3f-8c8d020f70bd,34e92532-a98a-4535-8b5b-1fce13d4f6e1,소목심불고기 800G,2022-05-02
e6560eda-a390-4df0-83e1-95ccfc705d87,34e92532-a98a-4535-8b5b-1fce13d4f6e1,씨즈닝 스테이크,2022-05-02
b2672cda-3977-45df-8046-dca95a826017,34e92532-a98a-4535-8b5b-1fce13d4f6e1,유일닭강정,2022-05-02
a220fe21-d100-45ed-9691-15753bf2c674,34e92532-a98a-4535-8b5b-1fce13d4f6e1,인생 카스테라호박인절미,2022-05-02
1bc4c6ab-b559-4b28-bd7e-54183202a8c7,34e92532-a98a-4535-8b5b-1fce13d4f6e1,토요애 수박,2022-05-02
f31c3db2-e00a-42e3-8e54-7be7bf0f532e,34e92532-a98a-4535-8b5b-1fce13d4f6e1,흑미수박 5kg,2022-05-02
1637499c-8e3d-43ab-9960-1b95d4430b7a,4f1d3d66-8473-4738-b4d3-cd904297ed95,이티떡,2022-05-26
659804d1-2a43-4015-b41d-e4236630e399,4f1d3d66-8473-4738-b4d3-cd904297ed95,부대찌개/볶음+야끼만두무침(6개) ,2022-05-31
21aa09ff-d41a-4793-8c94-fb6dc216f2cc,4f1d3d66-8473-4738-b4d3-cd904297ed95,원조콩탕황태탕 콩국수,2022-05-11
ff24519f-df7b-4ae2-b1a7-49cde3eedce2,4f1d3d66-8473-4738-b4d3-cd904297ed95,나정순할매쭈꾸미 쭈꾸미볶음,2022-05-18
0b968521-f49f-42ca-9bb0-4e3f16b669a8,4f1d3d66-8473-4738-b4d3-cd904297ed95,서대문 갈치식당 갈치조림,2022-05-26
63ce8818-420c-4490-b124-6b73cf9f4690,4f1d3d66-8473-4738-b4d3-cd904297ed95,남동공단떡볶이,2022-05-17
2cda18a1-f3c4-4df7-aa73-728d7fd9f7a3,4f1d3d66-8473-4738-b4d3-cd904297ed95,다래식당 주물럭&청국장,2022-05-05
d41b763b-7fb1-4b88-b2bc-f6e07617be42,4f1d3d66-8473-4738-b4d3-cd904297ed95,도수향 이북식인절미,2022-05-04
da839706-df0f-44da-aeb1-e526c211cbcf,4f1d3d66-8473-4738-b4d3-cd904297ed95,또조우동,2022-05-12
09adca02-1b4c-4b7e-ac5a-8eddbd1def95,4f1d3d66-8473-4738-b4d3-cd904297ed95,명동충무김밥,2022-05-27
7a81e78f-35ff-43dd-bda8-898318f35629,4f1d3d66-8473-4738-b4d3-cd904297ed95,압구정공주떡집 흑임자인절미,2022-05-20
426938c3-a184-491b-a903-80aad300a487,4f1d3d66-8473-4738-b4d3-cd904297ed95,압구정뱃고동 오징어/낙지,2022-05-10
fbd559bb-f7b2-4250-8d6c-93524a169c3e,4f1d3d66-8473-4738-b4d3-cd904297ed95,특판 애플하우스 떡볶이&무침만두,2022-05-04
fcef9edd-7501-4e50-ae12-55d7f064d54f,4f1d3d66-8473-4738-b4d3-cd904297ed95,통살새우까스 80g x 10개,2022-05-11
3c0873c5-09f6-4f3c-97a8-92f47ab43f95,4f1d3d66-8473-4738-b4d3-cd904297ed95,옥봉갈비 한돈 양념수제갈비 700g / 벌집 꿀 껍데기500g,2022-05-19
8e1db1bf-f4f4-43c1-b258-bc1e0ee8162c,4f1d3d66-8473-4738-b4d3-cd904297ed95,돼지목살왕구이 700g,2022-05-12
964a173c-5eb1-4cef-9fd9-6f59ed4187e1,4f1d3d66-8473-4738-b4d3-cd904297ed95,소 LA 양념갈비 800g,2022-05-27
62b80af9-6b67-4c3f-88f8-f0b3e652c1eb,4f1d3d66-8473-4738-b4d3-cd904297ed95,뼈닭강정 한마리(중간맛/매운맛,2022-05-20
9ce064a4-05f2-492e-867b-7e5aa0ca06c9,4f1d3d66-8473-4738-b4d3-cd904297ed95,종로 계림 닭도리탕,2022-05-13
f5beb2c2-abae-42bc-8b12-485626584ef7,4f1d3d66-8473-4738-b4d3-cd904297ed95,코끼리만두 김치만두,2022-05-24
e9483152-8a1e-4584-967f-aab9b8018d22,4f1d3d66-8473-4738-b4d3-cd904297ed95,코끼리만두 김치만두,2022-05-20
264ee3f1-608a-4938-92d0-643a7d641b94,4f1d3d66-8473-4738-b4d3-cd904297ed95,코끼리만두 김치만두,2022-05-31
14630843-f8c5-4e47-a938-267be28112ad,4f1d3d66-8473-4738-b4d3-cd904297ed95,패스츄리 오징어,2022-05-18
431129f3-d86d-4499-b15f-1d7b20563911,4f1d3d66-8473-4738-b4d3-cd904297ed95,홍만당 딸기모찌모찌,2022-05-10
c76ffbb0-b150-4e18-8875-f9b85f8ec592,4f1d3d66-8473-4738-b4d3-cd904297ed95,홍만당 딸기모찌모찌,2022-05-17
8376bde6-e1d8-4b46-9d49-e2b36ac0105e,4f1d3d66-8473-4738-b4d3-cd904297ed95,화덕피자 꿀고르곤졸라/불고기피자,2022-05-06
abb7ec3f-f30d-4c68-8c43-b42a7fac339b,2cca8b6e-0dc3-4398-8fa5-d57b9eb4b1e0,냉장 냉동 여유수량 대박할인!,2022-11-18
0361cc5c-430f-4be8-97a9-e4a772e73ab2,34e92532-a98a-4535-8b5b-1fce13d4f6e1,과일공구,2022-04-30
f4d9cb28-7ffd-4617-b85d-678a3090f892,4f1d3d66-8473-4738-b4d3-cd904297ed95,이북식 인절미,2022-04-27
7eda5a2d-e48e-4b76-9c0c-b57eddb6ee08,2cca8b6e-0dc3-4398-8fa5-d57b9eb4b1e0,오늘의 과일,2022-11-01
3136334a-35ff-434c-bc89-7cb08dda97f1,4f1d3d66-8473-4738-b4d3-cd904297ed95,코끼리만두 김치만두,2022-04-21
52a0e8b1-7064-4de4-ab31-7e2a5b30d120,4f1d3d66-8473-4738-b4d3-cd904297ed95,바베큐 폭립 1kg,2022-05-01
7cea8e29-252c-441d-9293-4f84bea37df2,4f1d3d66-8473-4738-b4d3-cd904297ed95,김치 칼국수,2022-05-01